gene_symbol,logFC_AV,logFC_EC,logFC_LP,logFC_MT
ACKR3,2.519335711,2.498033264,3.721596814,1.154325892
AMPD3,2.921737732,2.712480281,3.561899099,1.528993536
AREG,2.313850035,3.241604554,1.402479229,1.777220625
ATF3,1.880314712,1.719147456,1.763279651,1.315282813
BCL3,3.698079254,4.310399368,2.250528932,1.092723679
BIRC3,7.676916975,7.861870695,4.852285124,1.450493364
BMP6,3.048855766,3.74063599,4.972859806,2.32255729
C11orf96,2.137063302,2.204514186,5.10548059,1.241493366
CCDC85A,1.226622605,1.573182469,1.213524956,1.174105906
CCL2,5.060566252,6.39281774,2.794953347,2.127660787
CCL20,7.484568132,7.169521299,5.238536034,2.399181506
CCL3L1,9.124576475,8.548787634,4.971679748,2.017114674
CCL4,10.30916839,10.42861595,4.53985578,3.279347824
CCL4L2,11.76310256,11.97376568,5.161872523,4.103511295
CCL8,5.803330144,9.135681558,3.601136224,2.908635786
CCR7,7.626673926,8.088622215,6.023697713,3.433598255
CD274,4.982540964,6.698189158,1.683604015,1.659112686
CD40,5.197485529,5.186383207,3.107411477,1.161288476
CD80,5.869562229,5.962263195,2.805954361,1.268377485
CD83,4.405917249,4.382159353,3.863675514,1.149079003
CEMIP,1.748464955,1.693591225,3.1411586,1.112189435
CSF3,4.254151219,5.351181646,6.034353689,2.613260499
CSRNP1,2.328347896,2.949060548,2.513145237,1.013025682
CXCL1,8.678961615,8.44030983,5.111245726,1.873162653
CXCL10,6.413931251,9.569270643,3.026127314,2.886597426
CXCL11,4.642469922,7.768998085,3.878339412,2.681766194
CXCL13,4.204717576,5.552523688,3.745558,2.383037763
CXCL2,7.901368702,7.866219783,5.412298219,2.465666179
CXCL3,7.849286077,7.428149739,4.999064151,3.524640831
CXCL8,8.358381484,8.135026582,5.264071545,2.550807706
DLL4,6.441677931,7.253813972,3.410464448,1.427596382
DUSP1,1.44653985,1.781080354,3.491497357,1.446414576
EBF1,2.001807501,1.743426773,4.497362408,1.115657486
EBI3,6.908629633,7.41436238,3.573917886,1.495294822
EGR3,4.096277767,4.784012223,1.062371934,1.525055563
EPSTI1,1.388991302,3.103724926,3.662450456,1.255166003
ETV7,1.954442385,3.311206983,3.068535299,2.245578946
FRMD7,8.414775456,8.088913749,4.322900123,2.182623062
GCNT4,3.991765458,3.673288858,2.090679085,1.574939177
GEM,3.756257234,3.474855353,3.632232483,1.318619653
HELZ2,1.507416894,3.129503804,2.916984118,1.523193557
HERC5,1.949774196,2.948073085,2.467345404,1.810384816
HERC6,1.763793412,2.500932596,1.546656976,1.131959994
HES4,4.49082667,5.299386676,4.473678581,1.917766495
HIVEP2,4.588978498,4.690706421,4.269006707,1.028395506
IFI44,2.675806887,3.287603308,2.060181406,1.61616595
IFI44L,1.008971314,2.994440422,2.717964703,2.134781762
IFIH1,2.835885698,3.26308309,1.982596796,1.448166039
IFIT1,4.209128022,6.069298196,3.467874134,1.987389524
IFIT2,6.134897668,6.825908308,4.583144327,2.279121732
IFIT3,5.073379041,5.828088769,3.181218311,1.762788674
IFIT5,1.587008852,3.095205978,3.075997815,1.328680767
IFNB1,9.547614105,8.678441612,2.828744151,2.255932772
IGFBP3,1.791191438,2.176760807,2.925706401,1.903427424
IL10,3.992687743,4.794397298,4.086820646,2.078291499
IL1R1,3.970757848,4.164885247,1.520372411,1.157987983
IL32,5.652515259,6.104024536,3.630968758,1.863625382
IL4I1,3.445416803,3.902053696,2.349665934,1.950163182
INHBA,4.178489787,5.057162478,5.118789423,1.00706468
IRAK2,5.737234226,5.892379488,3.89738198,1.187913429
IRF7,1.712087982,3.257174646,1.919167898,1.102052732
ISG15,2.308053122,3.951588126,2.034955752,1.627239907
ISG20,5.064270659,4.975581509,2.120046934,2.474843428
ITGB3,3.094525053,2.907340692,1.030929667,1.349704437
KMO,1.381219244,1.155187279,1.72696931,1.012590933
KYNU,4.420154592,3.962394071,2.489542475,1.014646437
LINC-PINT,3.152872412,2.793723154,2.022193309,1.023593156
LRRC32,5.71507363,6.124194566,5.086794734,2.102825583
MAFF,3.991176237,3.846119725,2.961541982,1.02369374
MAMLD1,3.651060086,4.082804974,2.338272529,1.234010185
MET,2.45957225,2.814638417,3.667021336,1.927475582
MMP19,1.256514882,1.79378796,1.685555607,1.071751415
MX2,1.701197061,3.437717244,2.896620007,1.796720911
NAMPT,3.88009126,3.992840962,2.374277033,1.082525611
NCF1,2.20871214,2.273429358,1.310258014,1.477836828
NEAT1,1.71593924,1.24040403,1.204688419,1.112915463
NR4A1,4.742225175,5.45498972,5.029140331,4.208733586
NR4A2,1.011987622,1.76878559,5.069070626,2.665640525
NR4A3,6.620474437,6.980891539,4.899447446,3.313186483
NRG1,2.884570742,2.782603379,2.801320531,1.917235351
OAS2,2.106366811,3.376185102,2.646087322,1.086959838
OASL,6.576613378,7.535682171,3.269706147,1.881587223
P3H2,4.193776469,4.411981367,3.108714525,1.529599444
PARP14,1.4778459,2.191287595,1.457378695,1.076481229
PDE4B,3.117202587,3.562151263,4.112076764,1.152040472
PLEKHA4,3.9310749,4.564887915,2.705404675,1.410038807
RAB20,1.013712658,1.540465817,1.902912122,1.75376948
RASGEF1B,3.25433068,3.441750339,2.945876671,1.551357653
RND3,2.386783249,2.268413813,2.423045512,1.240960735
SAMD9L,1.089146541,2.759449242,1.636558063,1.286113851
SAT1,2.546192979,2.764049829,3.375807046,1.391360075
SLC43A2,2.946559321,3.273373591,2.985824576,1.28708535
SLC7A11,1.948479786,1.86670654,3.121219016,1.163569988
SNAI1,2.231452594,2.82571846,2.264938303,1.184938281
SOCS3,5.152595155,6.022078059,6.170489283,1.030355289
SPSB1,1.415396302,1.639764097,1.264479565,1.23723228
SRC,5.210134289,5.596928977,2.095338053,1.918655278
STAT4,3.680098613,4.210874747,4.510425568,2.350254482
TMCC3,1.857899968,2.220674022,2.641324209,1.595542208
TNFAIP6,11.98742159,12.35666581,5.467813642,3.164300266
TNIP3,6.47036483,7.509099542,5.071920682,2.302629418
TRIM22,1.256347791,3.449090357,1.773574385,1.176062495
VCAM1,8.138427002,9.032951829,3.259480337,1.45807915
VEGFA,1.279657981,1.717752873,3.588251408,1.028337814
ZMIZ1-AS1,2.746765353,2.235159963,1.376430147,1.069643962
