ID,Description,GeneRatio,BgRatio,RichFactor,FoldEnrichment,zScore,pvalue,p.adjust,qvalue,geneID,Count,gene_symbols
GO:0060326,cell chemotaxis,23/97,311/18842,0.073954984,14.36556502,17.09673614,1.68E-20,3.67E-17,2.67E-17,1960/6373/3627/2919/1236/6351/10563/6364/6355/57007/6347/3586/5142/6349/2921/7412/1843/7130/4233/3164/7422/3576/2920,23,EGR3/CXCL11/CXCL10/CXCL1/CCR7/CCL4/CXCL13/CCL20/CCL8/ACKR3/CCL2/IL10/PDE4B/CCL3L1/CXCL3/VCAM1/DUSP1/TNFAIP6/MET/NR4A1/VEGFA/CXCL8/CXCL2
GO:0006935,chemotaxis,25/97,443/18842,0.056433409,10.96204417,15.26329633,2.08E-19,1.52E-16,1.11E-16,1960/6373/3627/2919/3690/1236/6351/10563/3084/6364/6355/57007/6347/3586/5142/6349/2921/7412/1843/7130/4233/3164/7422/3576/2920,25,EGR3/CXCL11/CXCL10/CXCL1/ITGB3/CCR7/CCL4/CXCL13/NRG1/CCL20/CCL8/ACKR3/CCL2/IL10/PDE4B/CCL3L1/CXCL3/VCAM1/DUSP1/TNFAIP6/MET/NR4A1/VEGFA/CXCL8/CXCL2
GO:0042330,taxis,25/97,443/18842,0.056433409,10.96204417,15.26329633,2.08E-19,1.52E-16,1.11E-16,1960/6373/3627/2919/3690/1236/6351/10563/3084/6364/6355/57007/6347/3586/5142/6349/2921/7412/1843/7130/4233/3164/7422/3576/2920,25,EGR3/CXCL11/CXCL10/CXCL1/ITGB3/CCR7/CCL4/CXCL13/NRG1/CCL20/CCL8/ACKR3/CCL2/IL10/PDE4B/CCL3L1/CXCL3/VCAM1/DUSP1/TNFAIP6/MET/NR4A1/VEGFA/CXCL8/CXCL2
GO:0009615,response to virus,20/97,400/18842,0.05,9.712371134,12.6694416,1.32E-14,7.18E-12,5.23E-12,10346/3627/8638/9636/51191/3669/6351/602/3665/64135/24138/6355/4600/10561/4939/10964/3433/3437/3434/3456,20,TRIM22/CXCL10/OASL/ISG15/HERC5/ISG20/CCL4/BCL3/IRF7/IFIH1/IFIT5/CCL8/MX2/IFI44/OAS2/IFI44L/IFIT2/IFIT3/IFIT1/IFNB1
GO:0002237,response to molecule of bacterial origin,18/97,319/18842,0.056426332,10.96066962,12.90694125,4.06E-14,1.77E-11,1.29E-11,79931/3627/1236/3656/1440/10563/654/29126/958/6347/3586/5142/7412/3164/941/3576/2920/8564,18,TNIP3/CXCL10/CCR7/IRAK2/CSF3/CXCL13/BMP6/CD274/CD40/CCL2/IL10/PDE4B/VCAM1/NR4A1/CD80/CXCL8/CXCL2/KMO
GO:0050900,leukocyte migration,18/97,352/18842,0.051136364,9.933106842,12.17027871,2.19E-13,7.21E-11,5.25E-11,6714/6373/3627/3690/1236/6351/10563/6364/6355/6347/3586/5142/2921/7412/1843/7130/7422/3576,18,SRC/CXCL11/CXCL10/ITGB3/CCR7/CCL4/CXCL13/CCL20/CCL8/CCL2/IL10/PDE4B/CXCL3/VCAM1/DUSP1/TNFAIP6/VEGFA/CXCL8
GO:0032496,response to lipopolysaccharide,17/97,302/18842,0.056291391,10.93445757,12.51952597,2.31E-13,7.21E-11,5.25E-11,79931/3627/1236/3656/1440/10563/654/29126/958/6347/3586/5142/7412/3164/941/3576/8564,17,TNIP3/CXCL10/CCR7/IRAK2/CSF3/CXCL13/BMP6/CD274/CD40/CCL2/IL10/PDE4B/VCAM1/NR4A1/CD80/CXCL8/KMO
GO:0006959,humoral immune response,16/97,296/18842,0.054054054,10.49986069,11.85040202,2.32E-12,6.33E-10,4.61E-10,6373/3627/2919/1236/9308/6351/10563/6364/6355/6347/6349/2921/10148/3576/2920/3456,16,CXCL11/CXCL10/CXCL1/CCR7/CD83/CCL4/CXCL13/CCL20/CCL8/CCL2/CCL3L1/CXCL3/EBI3/CXCL8/CXCL2/IFNB1
GO:0051607,defense response to virus,16/97,305/18842,0.052459016,10.19002873,11.63971062,3.66E-12,7.99E-10,5.82E-10,10346/3627/8638/9636/51191/3669/3665/64135/24138/4600/4939/10964/3433/3437/3434/3456,16,TRIM22/CXCL10/OASL/ISG15/HERC5/ISG20/IRF7/IFIH1/IFIT5/MX2/OAS2/IFI44L/IFIT2/IFIT3/IFIT1/IFNB1
GO:0071222,cellular response to lipopolysaccharide,14/97,210/18842,0.066666667,12.94982818,12.52670038,3.66E-12,7.99E-10,5.82E-10,79931/3627/3656/1440/10563/654/29126/958/6347/3586/5142/941/3576/8564,14,TNIP3/CXCL10/IRAK2/CSF3/CXCL13/BMP6/CD274/CD40/CCL2/IL10/PDE4B/CD80/CXCL8/KMO
GO:0030595,leukocyte chemotaxis,14/97,217/18842,0.064516129,12.53209179,12.2909354,5.71E-12,1.13E-09,8.26E-10,6373/3627/1236/6351/10563/6355/6347/3586/5142/2921/1843/7130/7422/3576,14,CXCL11/CXCL10/CCR7/CCL4/CXCL13/CCL8/CCL2/IL10/PDE4B/CXCL3/DUSP1/TNFAIP6/VEGFA/CXCL8
GO:0071219,cellular response to molecule of bacterial origin,14/97,223/18842,0.062780269,12.19490546,12.09733773,8.26E-12,1.45E-09,1.06E-09,79931/3627/3656/1440/10563/654/29126/958/6347/3586/5142/941/3576/8564,14,TNIP3/CXCL10/IRAK2/CSF3/CXCL13/BMP6/CD274/CD40/CCL2/IL10/PDE4B/CD80/CXCL8/KMO
GO:0061844,antimicrobial humoral immune response mediated by antimicrobial peptide,Dec-97,142/18842,0.084507042,16.41527516,13.26385512,8.65E-12,1.45E-09,1.06E-09,6373/3627/2919/6351/10563/6364/6355/6347/6349/2921/3576/2920,12,CXCL11/CXCL10/CXCL1/CCL4/CXCL13/CCL20/CCL8/CCL2/CCL3L1/CXCL3/CXCL8/CXCL2
GO:0019079,viral genome replication,Nov-97,110/18842,0.1,19.42474227,13.94122091,1.05E-11,1.64E-09,1.20E-09,8638/9636/3669/64135/24138/6355/6347/4939/3576/3434/3456,11,OASL/ISG15/ISG20/IFIH1/IFIT5/CCL8/CCL2/OAS2/CXCL8/IFIT1/IFNB1
GO:0071621,granulocyte chemotaxis,Nov-97,112/18842,0.098214286,19.07787187,13.80328789,1.29E-11,1.87E-09,1.36E-09,3627/1236/6351/10563/6355/6347/5142/2921/7130/7422/3576,11,CXCL10/CCR7/CCL4/CXCL13/CCL8/CCL2/PDE4B/CXCL3/TNFAIP6/VEGFA/CXCL8
GO:0019058,viral life cycle,15/97,284/18842,0.052816901,10.25954697,11.31041248,1.66E-11,2.27E-09,1.66E-09,6714/8638/9636/9235/3669/3690/64135/24138/6355/6347/4939/941/3576/3434/3456,15,SRC/OASL/ISG15/IL32/ISG20/ITGB3/IFIH1/IFIT5/CCL8/CCL2/OAS2/CD80/CXCL8/IFIT1/IFNB1
GO:0071216,cellular response to biotic stimulus,14/97,245/18842,0.057142857,11.09985272,11.44647482,2.92E-11,3.75E-09,2.73E-09,79931/3627/3656/1440/10563/654/29126/958/6347/3586/5142/941/3576/8564,14,TNIP3/CXCL10/IRAK2/CSF3/CXCL13/BMP6/CD274/CD40/CCL2/IL10/PDE4B/CD80/CXCL8/KMO
GO:0097530,granulocyte migration,Nov-97,133/18842,0.082706767,16.06557631,12.54242181,8.47E-11,1.03E-08,7.48E-09,3627/1236/6351/10563/6355/6347/5142/2921/7130/7422/3576,11,CXCL10/CCR7/CCL4/CXCL13/CCL8/CCL2/PDE4B/CXCL3/TNFAIP6/VEGFA/CXCL8
GO:0016032,viral process,16/97,383/18842,0.041775457,8.114774838,10.11932588,1.10E-10,1.27E-08,9.23E-09,6714/8638/9636/9235/3669/3690/3665/64135/24138/6355/6347/4939/941/3576/3434/3456,16,SRC/OASL/ISG15/IL32/ISG20/ITGB3/IRF7/IFIH1/IFIT5/CCL8/CCL2/OAS2/CD80/CXCL8/IFIT1/IFNB1
GO:0045071,negative regulation of viral genome replication,Aug-97,48/18842,0.166666667,32.37457045,15.65611186,1.17E-10,1.28E-08,9.32E-09,8638/9636/3669/64135/24138/4939/3434/3456,8,OASL/ISG15/ISG20/IFIH1/IFIT5/OAS2/IFIT1/IFNB1
GO:1990868,response to chemokine,Oct-97,103/18842,0.097087379,18.85897308,13.07365466,1.29E-10,1.28E-08,9.35E-09,6373/3627/1236/6351/10563/6355/57007/6347/6349/1843,10,CXCL11/CXCL10/CCR7/CCL4/CXCL13/CCL8/ACKR3/CCL2/CCL3L1/DUSP1
GO:1990869,cellular response to chemokine,Oct-97,103/18842,0.097087379,18.85897308,13.07365466,1.29E-10,1.28E-08,9.35E-09,6373/3627/1236/6351/10563/6355/57007/6347/6349/1843,10,CXCL11/CXCL10/CCR7/CCL4/CXCL13/CCL8/ACKR3/CCL2/CCL3L1/DUSP1
GO:0048525,negative regulation of viral process,Sep-97,74/18842,0.121621622,23.62468654,14.0276381,1.46E-10,1.38E-08,1.01E-08,8638/9636/9235/3669/64135/24138/4939/3434/3456,9,OASL/ISG15/IL32/ISG20/IFIH1/IFIT5/OAS2/IFIT1/IFNB1
GO:0045069,regulation of viral genome replication,Sep-97,77/18842,0.116883117,22.70424421,13.72811362,2.10E-10,1.91E-08,1.39E-08,8638/9636/3669/64135/24138/4939/3576/3434/3456,9,OASL/ISG15/ISG20/IFIH1/IFIT5/OAS2/CXCL8/IFIT1/IFNB1
GO:0019730,antimicrobial humoral response,Dec-97,189/18842,0.063492063,12.33316969,11.26427042,2.48E-10,2.10E-08,1.53E-08,6373/3627/2919/6351/10563/6364/6355/6347/6349/2921/3576/2920,12,CXCL11/CXCL10/CXCL1/CCL4/CXCL13/CCL20/CCL8/CCL2/CCL3L1/CXCL3/CXCL8/CXCL2
GO:1903900,regulation of viral life cycle,Oct-97,110/18842,0.090909091,17.65885661,12.60505014,2.50E-10,2.10E-08,1.53E-08,8638/9636/9235/3669/64135/24138/4939/3576/3434/3456,10,OASL/ISG15/IL32/ISG20/IFIH1/IFIT5/OAS2/CXCL8/IFIT1/IFNB1
GO:0097529,myeloid leukocyte migration,Dec-97,207/18842,0.057971014,11.26072016,10.67808655,7.07E-10,5.71E-08,4.16E-08,3627/1236/6351/10563/6355/6347/5142/2921/1843/7130/7422/3576,12,CXCL10/CCR7/CCL4/CXCL13/CCL8/CCL2/PDE4B/CXCL3/DUSP1/TNFAIP6/VEGFA/CXCL8
GO:0002685,regulation of leukocyte migration,Dec-97,210/18842,0.057142857,11.09985272,10.58741825,8.33E-10,6.50E-08,4.73E-08,3627/3690/1236/6351/10563/6364/6355/6347/1843/7130/7422/3576,12,CXCL10/ITGB3/CCR7/CCL4/CXCL13/CCL20/CCL8/CCL2/DUSP1/TNFAIP6/VEGFA/CXCL8
GO:0070098,chemokine-mediated signaling pathway,Sep-97,95/18842,0.094736842,18.40238741,12.23206739,1.42E-09,1.07E-07,7.79E-08,6373/3627/1236/6351/10563/6355/57007/6347/6349,9,CXCL11/CXCL10/CCR7/CCL4/CXCL13/CCL8/ACKR3/CCL2/CCL3L1
GO:0050792,regulation of viral process,Oct-97,136/18842,0.073529412,14.28289873,11.18322262,2.03E-09,1.48E-07,1.08E-07,8638/9636/9235/3669/64135/24138/4939/3576/3434/3456,10,OASL/ISG15/IL32/ISG20/IFIH1/IFIT5/OAS2/CXCL8/IFIT1/IFNB1
GO:0002687,positive regulation of leukocyte migration,Oct-97,139/18842,0.071942446,13.97463473,11.04439734,2.51E-09,1.77E-07,1.29E-07,3627/3690/1236/6351/10563/6364/6355/6347/7422/3576,10,CXCL10/ITGB3/CCR7/CCL4/CXCL13/CCL20/CCL8/CCL2/VEGFA/CXCL8
GO:0140374,antiviral innate immune response,Aug-97,73/18842,0.109589041,21.28738879,12.49286752,3.76E-09,2.56E-07,1.87E-07,3627/8638/64135/24138/4939/3433/3437/3434,8,CXCL10/OASL/IFIH1/IFIT5/OAS2/IFIT2/IFIT3/IFIT1
GO:0031640,killing of cells of another organism,Sep-97,111/18842,0.081081081,15.74979103,11.21145542,5.71E-09,3.66E-07,2.67E-07,6373/3627/2919/10563/6364/6355/2921/3576/2920,9,CXCL11/CXCL10/CXCL1/CXCL13/CCL20/CCL8/CXCL3/CXCL8/CXCL2
GO:0141061,disruption of cell in another organism,Sep-97,111/18842,0.081081081,15.74979103,11.21145542,5.71E-09,3.66E-07,2.67E-07,6373/3627/2919/10563/6364/6355/2921/3576/2920,9,CXCL11/CXCL10/CXCL1/CXCL13/CCL20/CCL8/CXCL3/CXCL8/CXCL2
GO:0141060,disruption of anatomical structure in another organism,Sep-97,115/18842,0.07826087,15.20197221,10.98901062,7.81E-09,4.87E-07,3.55E-07,6373/3627/2919/10563/6364/6355/2921/3576/2920,9,CXCL11/CXCL10/CXCL1/CXCL13/CCL20/CCL8/CXCL3/CXCL8/CXCL2
GO:0002688,regulation of leukocyte chemotaxis,Sep-97,118/18842,0.076271186,14.81548139,10.82936095,9.80E-09,5.94E-07,4.33E-07,3627/1236/6351/10563/6347/1843/7130/7422/3576,9,CXCL10/CCR7/CCL4/CXCL13/CCL2/DUSP1/TNFAIP6/VEGFA/CXCL8
GO:0045785,positive regulation of cell adhesion,14/97,437/18842,0.032036613,6.22302956,7.946765741,5.13E-08,3.03E-06,2.21E-06,6714/3690/1236/10563/3084/29126/259307/6347/3586/7412/8013/10148/7422/941,14,SRC/ITGB3/CCR7/CXCL13/NRG1/CD274/IL4I1/CCL2/IL10/VCAM1/NR4A3/EBI3/VEGFA/CD80
GO:0072676,lymphocyte migration,Aug-97,103/18842,0.077669903,15.08717846,10.3125138,5.86E-08,3.36E-06,2.45E-06,6373/3627/3690/1236/6351/10563/6364/6347,8,CXCL11/CXCL10/ITGB3/CCR7/CCL4/CXCL13/CCL20/CCL2
GO:0007259,cell surface receptor signaling pathway via JAK-STAT,Sep-97,146/18842,0.061643836,11.97415619,9.575651567,6.29E-08,3.52E-06,2.57E-06,602/6775/9021/958/6347/3586/54625/10148/3456,9,BCL3/STAT4/SOCS3/CD40/CCL2/IL10/PARP14/EBI3/IFNB1
GO:0050920,regulation of chemotaxis,Oct-97,196/18842,0.051020408,9.91058279,9.020620762,6.76E-08,3.69E-06,2.69E-06,3627/1236/6351/10563/6347/1843/7130/4233/7422/3576,10,CXCL10/CCR7/CCL4/CXCL13/CCL2/DUSP1/TNFAIP6/MET/VEGFA/CXCL8
GO:0030593,neutrophil chemotaxis,Jul-97,75/18842,0.093333333,18.12975945,10.69250811,1.15E-07,6.11E-06,4.45E-06,3627/1236/10563/5142/2921/7130/3576,7,CXCL10/CCR7/CXCL13/PDE4B/CXCL3/TNFAIP6/CXCL8
GO:0022407,regulation of cell-cell adhesion,14/97,472/18842,0.029661017,5.761576096,7.536371005,1.32E-07,6.88E-06,5.01E-06,6714/1236/10563/654/29126/259307/6347/3586/7412/8013/10148/7422/941/3456,14,SRC/CCR7/CXCL13/BMP6/CD274/IL4I1/CCL2/IL10/VCAM1/NR4A3/EBI3/VEGFA/CD80/IFNB1
GO:0097696,cell surface receptor signaling pathway via STAT,Sep-97,172/18842,0.052325581,10.16410933,8.685152443,2.56E-07,1.30E-05,9.48E-06,602/6775/9021/958/6347/3586/54625/10148/3456,9,BCL3/STAT4/SOCS3/CD40/CCL2/IL10/PARP14/EBI3/IFNB1
GO:0050679,positive regulation of epithelial cell proliferation,Sep-97,174/18842,0.051724138,10.04728048,8.624598808,2.83E-07,1.40E-05,1.02E-05,1960/374/3690/654/283131/3586/8013/3164/7422,9,EGR3/AREG/ITGB3/BMP6/NEAT1/IL10/NR4A3/NR4A1/VEGFA
GO:0022409,positive regulation of cell-cell adhesion,Nov-97,297/18842,0.037037037,7.194348988,7.74026082,3.71E-07,1.80E-05,1.31E-05,6714/1236/10563/29126/259307/6347/3586/7412/8013/10148/941,11,SRC/CCR7/CXCL13/CD274/IL4I1/CCL2/IL10/VCAM1/NR4A3/EBI3/CD80
GO:1903131,mononuclear cell differentiation,13/97,439/18842,0.029612756,5.752201583,7.247328069,3.94E-07,1.87E-05,1.36E-05,3624/1236/1440/3665/54567/6775/259307/9021/3586/7412/7422/941/3456,13,INHBA/CCR7/CSF3/IRF7/DLL4/STAT4/IL4I1/SOCS3/IL10/VCAM1/VEGFA/CD80/IFNB1
GO:0002690,positive regulation of leukocyte chemotaxis,Jul-97,92/18842,0.076086957,14.7796952,9.530770428,4.72E-07,2.12E-05,1.55E-05,3627/1236/6351/10563/6347/7422/3576,7,CXCL10/CCR7/CCL4/CXCL13/CCL2/VEGFA/CXCL8
GO:0071677,positive regulation of mononuclear cell migration,Jul-97,92/18842,0.076086957,14.7796952,9.530770428,4.72E-07,2.12E-05,1.55E-05,3627/3690/1236/6351/10563/6364/6347,7,CXCL10/ITGB3/CCR7/CCL4/CXCL13/CCL20/CCL2
GO:0050921,positive regulation of chemotaxis,Aug-97,135/18842,0.059259259,11.51095838,8.816622522,4.77E-07,2.12E-05,1.55E-05,3627/1236/6351/10563/6347/4233/7422/3576,8,CXCL10/CCR7/CCL4/CXCL13/CCL2/MET/VEGFA/CXCL8
GO:1990266,neutrophil migration,Jul-97,93/18842,0.075268817,14.62077375,9.47216639,5.08E-07,2.22E-05,1.62E-05,3627/1236/10563/5142/2921/7130/3576,7,CXCL10/CCR7/CXCL13/PDE4B/CXCL3/TNFAIP6/CXCL8
GO:0071675,regulation of mononuclear cell migration,Aug-97,138/18842,0.057971014,11.26072016,8.702524586,5.64E-07,2.41E-05,1.76E-05,3627/3690/1236/6351/10563/6364/6347/1843,8,CXCL10/ITGB3/CCR7/CCL4/CXCL13/CCL20/CCL2/DUSP1
GO:0050678,regulation of epithelial cell proliferation,Nov-97,312/18842,0.03525641,6.848466825,7.493362415,6.04E-07,2.54E-05,1.85E-05,1960/374/3690/54567/654/283131/6347/3586/8013/3164/7422,11,EGR3/AREG/ITGB3/DLL4/BMP6/NEAT1/CCL2/IL10/NR4A3/NR4A1/VEGFA
GO:0035767,endothelial cell chemotaxis,May-97,33/18842,0.151515152,29.43142768,11.75893269,6.90E-07,2.84E-05,2.07E-05,1960/10563/4233/3164/7422,5,EGR3/CXCL13/MET/NR4A1/VEGFA
GO:2000401,regulation of lymphocyte migration,Jun-97,65/18842,0.092307692,17.93053132,9.835790784,1.03E-06,4.16E-05,3.03E-05,3627/3690/6351/10563/6364/6347,6,CXCL10/ITGB3/CCL4/CXCL13/CCL20/CCL2
GO:0072678,T cell migration,Jun-97,68/18842,0.088235294,17.13947847,9.59092878,1.35E-06,5.31E-05,3.87E-05,6373/3627/3690/10563/6364/6347,6,CXCL11/CXCL10/ITGB3/CXCL13/CCL20/CCL2
GO:0007249,canonical NF-kappaB signal transduction,Nov-97,339/18842,0.032448378,6.303013715,7.087558305,1.36E-06,5.31E-05,3.87E-05,330/79931/10346/10135/1236/3656/602/24138/958/7422/3554,11,BIRC3/TNIP3/TRIM22/NAMPT/CCR7/IRAK2/BCL3/IFIT5/CD40/VEGFA/IL1R1
GO:0071674,mononuclear cell migration,Sep-97,212/18842,0.04245283,8.24635285,7.632663217,1.48E-06,5.67E-05,4.13E-05,6373/3627/3690/1236/6351/10563/6364/6347/1843,9,CXCL11/CXCL10/ITGB3/CCR7/CCL4/CXCL13/CCL20/CCL2/DUSP1
GO:2000403,positive regulation of lymphocyte migration,May-97,39/18842,0.128205128,24.90351573,10.74918733,1.63E-06,6.12E-05,4.46E-05,3627/3690/6351/10563/6364,5,CXCL10/ITGB3/CCL4/CXCL13/CCL20
GO:0001819,positive regulation of cytokine production,13/97,499/18842,0.026052104,5.060554098,6.612954129,1.65E-06,6.12E-05,4.46E-05,9636/9235/1236/3665/29126/64135/3586/5142/8013/4939/10148/941/3554,13,ISG15/IL32/CCR7/IRF7/CD274/IFIH1/IL10/PDE4B/NR4A3/OAS2/EBI3/CD80/IL1R1
GO:0070372,regulation of ERK1 and ERK2 cascade,Oct-97,283/18842,0.035335689,6.863866526,7.149820318,1.98E-06,7.22E-05,5.26E-05,6714/10135/467/3690/3624/1236/3084/57007/1843/7422,10,SRC/NAMPT/ATF3/ITGB3/INHBA/CCR7/NRG1/ACKR3/DUSP1/VEGFA
GO:0070555,response to interleukin-1,Jul-97,115/18842,0.060869565,11.82375616,8.375060142,2.14E-06,7.67E-05,5.59E-05,6714/3656/958/6347/3576/3554/8564,7,SRC/IRAK2/CD40/CCL2/CXCL8/IL1R1/KMO
GO:0050673,epithelial cell proliferation,Nov-97,356/18842,0.030898876,6.002027105,6.85400923,2.19E-06,7.71E-05,5.62E-05,1960/374/3690/54567/654/283131/6347/3586/8013/3164/7422,11,EGR3/AREG/ITGB3/DLL4/BMP6/NEAT1/CCL2/IL10/NR4A3/NR4A1/VEGFA
GO:1903037,regulation of leukocyte cell-cell adhesion,Nov-97,359/18842,0.030640669,5.95187089,6.814365514,2.37E-06,8.08E-05,5.89E-05,6714/1236/29126/259307/6347/3586/7412/8013/10148/941/3456,11,SRC/CCR7/CD274/IL4I1/CCL2/IL10/VCAM1/NR4A3/EBI3/CD80/IFNB1
GO:0032609,type II interferon production,Jul-97,117/18842,0.05982906,11.62164067,8.290271288,2.41E-06,8.08E-05,5.89E-05,9636/3624/1236/29126/5142/10148/3554,7,ISG15/INHBA/CCR7/CD274/PDE4B/EBI3/IL1R1
GO:0032649,regulation of type II interferon production,Jul-97,117/18842,0.05982906,11.62164067,8.290271288,2.41E-06,8.08E-05,5.89E-05,9636/3624/1236/29126/5142/10148/3554,7,ISG15/INHBA/CCR7/CD274/PDE4B/EBI3/IL1R1
GO:0043123,positive regulation of canonical NF-kappaB signal transduction,Sep-97,226/18842,0.039823009,7.735516832,7.327858588,2.51E-06,8.30E-05,6.04E-05,330/10346/10135/1236/3656/24138/958/7422/3554,9,BIRC3/TRIM22/NAMPT/CCR7/IRAK2/IFIT5/CD40/VEGFA/IL1R1
GO:0001936,regulation of endothelial cell proliferation,Aug-97,169/18842,0.047337278,9.195144269,7.69817938,2.60E-06,8.48E-05,6.18E-05,1960/3690/54567/654/6347/3586/3164/7422,8,EGR3/ITGB3/DLL4/BMP6/CCL2/IL10/NR4A1/VEGFA
GO:0070371,ERK1 and ERK2 cascade,Oct-97,300/18842,0.033333333,6.474914089,6.876299231,3.34E-06,0.000107237,7.81E-05,6714/10135/467/3690/3624/1236/3084/57007/1843/7422,10,SRC/NAMPT/ATF3/ITGB3/INHBA/CCR7/NRG1/ACKR3/DUSP1/VEGFA
GO:0035924,cellular response to vascular endothelial growth factor stimulus,Jun-97,81/18842,0.074074074,14.38869798,8.686563166,3.79E-06,0.000117761,8.58E-05,1960/3690/54567/7412/3164/7422,6,EGR3/ITGB3/DLL4/VCAM1/NR4A1/VEGFA
GO:0002460,adaptive immune response based on somatic recombination of immune receptors built from immunoglobulin superfamily domains,Nov-97,377/18842,0.029177719,5.667696683,6.585575993,3.80E-06,0.000117761,8.58E-05,10563/29126/6775/259307/9021/958/3586/10148/941/3554/3456,11,CXCL13/CD274/STAT4/IL4I1/SOCS3/CD40/IL10/EBI3/CD80/IL1R1/IFNB1
GO:0001906,cell killing,Sep-97,238/18842,0.037815126,7.345490774,7.086726131,3.83E-06,0.000117761,8.58E-05,6373/3627/2919/10563/6364/6355/2921/3576/2920,9,CXCL11/CXCL10/CXCL1/CXCL13/CCL20/CCL8/CXCL3/CXCL8/CXCL2
GO:0048247,lymphocyte chemotaxis,May-97,47/18842,0.106382979,20.66461943,9.709758526,4.21E-06,0.00012771,9.30E-05,6373/3627/6351/10563/6347,5,CXCL11/CXCL10/CCL4/CXCL13/CCL2
GO:0001935,endothelial cell proliferation,Aug-97,186/18842,0.043010753,8.354727857,7.251184116,5.30E-06,0.000158469,0.00011546,1960/3690/54567/654/6347/3586/3164/7422,8,EGR3/ITGB3/DLL4/BMP6/CCL2/IL10/NR4A1/VEGFA
GO:1901623,regulation of lymphocyte chemotaxis,Apr-97,23/18842,0.173913043,33.78216047,11.31614069,5.42E-06,0.000159925,0.000116521,3627/6351/10563/6347,4,CXCL10/CCL4/CXCL13/CCL2
GO:1903039,positive regulation of leukocyte cell-cell adhesion,Sep-97,250/18842,0.036,6.992907216,6.861824756,5.71E-06,0.000166236,0.000121119,6714/1236/29126/259307/6347/7412/8013/10148/941,9,SRC/CCR7/CD274/IL4I1/CCL2/VCAM1/NR4A3/EBI3/CD80
GO:0070374,positive regulation of ERK1 and ERK2 cascade,Aug-97,189/18842,0.042328042,8.222113129,7.178206761,5.96E-06,0.000171252,0.000124773,6714/10135/3690/3624/1236/3084/57007/7422,8,SRC/NAMPT/ITGB3/INHBA/CCR7/NRG1/ACKR3/VEGFA
GO:0071347,cellular response to interleukin-1,Jun-97,88/18842,0.068181818,13.24414246,8.281669092,6.14E-06,0.000173465,0.000126386,3656/958/6347/3576/3554/8564,6,IRAK2/CD40/CCL2/CXCL8/IL1R1/KMO
GO:0002819,regulation of adaptive immune response,Aug-97,190/18842,0.042105263,8.17883885,7.154238615,6.20E-06,0.000173465,0.000126386,3665/29126/259307/3586/10148/941/3554/3456,8,IRF7/CD274/IL4I1/IL10/EBI3/CD80/IL1R1/IFNB1
GO:0002696,positive regulation of leukocyte activation,Oct-97,325/18842,0.030769231,5.976843775,6.510367358,6.77E-06,0.000185744,0.000135333,6714/1236/29126/259307/6347/3586/7412/8013/10148/941,10,SRC/CCR7/CD274/IL4I1/CCL2/IL10/VCAM1/NR4A3/EBI3/CD80
GO:0045088,regulation of innate immune response,Dec-97,482/18842,0.024896266,4.836035419,6.137124148,6.81E-06,0.000185744,0.000135333,6714/330/79931/8638/9636/653361/3656/3665/29126/64135/54625/3456,12,SRC/BIRC3/TNIP3/OASL/ISG15/NCF1/IRAK2/IRF7/CD274/IFIH1/PARP14/IFNB1
GO:0043122,regulation of canonical NF-kappaB signal transduction,Oct-97,326/18842,0.030674847,5.958509898,6.496531043,6.96E-06,0.000186047,0.000135553,330/79931/10346/10135/1236/3656/24138/958/7422/3554,10,BIRC3/TNIP3/TRIM22/NAMPT/CCR7/IRAK2/IFIT5/CD40/VEGFA/IL1R1
GO:0007159,leukocyte cell-cell adhesion,Nov-97,402/18842,0.027363184,5.315227984,6.291170179,6.99E-06,0.000186047,0.000135553,6714/1236/29126/259307/6347/3586/7412/8013/10148/941/3456,11,SRC/CCR7/CD274/IL4I1/CCL2/IL10/VCAM1/NR4A3/EBI3/CD80/IFNB1
GO:0070661,leukocyte proliferation,Sep-97,261/18842,0.034482759,6.698186989,6.668336823,8.08E-06,0.000212603,0.000154902,29126/259307/958/6355/3586/7412/10148/941/3456,9,CD274/IL4I1/CD40/CCL8/IL10/VCAM1/EBI3/CD80/IFNB1
GO:0042325,regulation of phosphorylation,Nov-97,412/18842,0.026699029,5.186217596,6.180204683,8.81E-06,0.000228917,0.000166788,374/51191/57214/3624/3656/3084/3486/3586/54625/7422/941,11,AREG/HERC5/CEMIP/INHBA/IRAK2/NRG1/IGFBP3/IL10/PARP14/VEGFA/CD80
GO:0050777,negative regulation of immune response,Aug-97,202/18842,0.03960396,7.692967235,6.879653247,9.71E-06,0.000249272,0.000181618,6714/9636/29126/259307/54625/10148/941/3456,8,SRC/ISG15/CD274/IL4I1/PARP14/EBI3/CD80/IFNB1
GO:0044344,cellular response to fibroblast growth factor stimulus,Jun-97,96/18842,0.0625,12.14046392,7.871902495,1.02E-05,0.000257942,0.000187936,1960/10563/54567/6347/3164/3576,6,EGR3/CXCL13/DLL4/CCL2/NR4A1/CXCL8
GO:0050867,positive regulation of cell activation,Oct-97,345/18842,0.028985507,5.630360078,6.244084675,1.14E-05,0.000286085,0.00020844,6714/1236/29126/259307/6347/3586/7412/8013/10148/941,10,SRC/CCR7/CD274/IL4I1/CCL2/IL10/VCAM1/NR4A3/EBI3/CD80
GO:0050863,regulation of T cell activation,Oct-97,346/18842,0.028901734,5.614087361,6.231320275,1.17E-05,0.000290025,0.000211311,6714/1236/29126/259307/6347/3586/7412/10148/941/3456,10,SRC/CCR7/CD274/IL4I1/CCL2/IL10/VCAM1/EBI3/CD80/IFNB1
GO:0043410,positive regulation of MAPK cascade,Nov-97,428/18842,0.025700935,4.992340303,6.009944862,1.26E-05,0.000308641,0.000224875,6714/10135/3690/3624/1236/3084/958/57007/10148/7422/3554,11,SRC/NAMPT/ITGB3/INHBA/CCR7/NRG1/CD40/ACKR3/EBI3/VEGFA/IL1R1
GO:0001938,positive regulation of endothelial cell proliferation,Jun-97,100/18842,0.06,11.65484536,7.684830691,1.29E-05,0.000311739,0.000227132,1960/3690/654/3586/3164/7422,6,EGR3/ITGB3/BMP6/IL10/NR4A1/VEGFA
GO:0030098,lymphocyte differentiation,Oct-97,356/18842,0.028089888,5.456388278,6.106349635,1.50E-05,0.000358838,0.000261448,3624/1236/54567/6775/259307/9021/3586/7412/941/3456,10,INHBA/CCR7/DLL4/STAT4/IL4I1/SOCS3/IL10/VCAM1/CD80/IFNB1
GO:0071774,response to fibroblast growth factor,Jun-97,103/18842,0.058252427,11.31538385,7.551372942,1.52E-05,0.000359063,0.000261612,1960/10563/54567/6347/3164/3576,6,EGR3/CXCL13/DLL4/CCL2/NR4A1/CXCL8
GO:0042088,T-helper 1 type immune response,May-97,61/18842,0.081967213,15.92191989,8.397023814,1.54E-05,0.000359063,0.000261612,6775/3586/10148/941/3554,5,STAT4/IL10/EBI3/CD80/IL1R1
GO:0070106,interleukin-27-mediated signaling pathway,Mar-97,10/18842,0.3,58.2742268,13.03185178,1.55E-05,0.000359063,0.000261612,8638/4939/10148,3,OASL/OAS2/EBI3
GO:0002710,negative regulation of T cell mediated immunity,Apr-97,30/18842,0.133333333,25.89965636,9.818194138,1.63E-05,0.000375032,0.000273247,29126/259307/941/3456,4,CD274/IL4I1/CD80/IFNB1
GO:0002823,negative regulation of adaptive immune response based on somatic recombination of immune receptors built from immunoglobulin superfamily domains,May-97,62/18842,0.080645161,15.66511473,8.320101709,1.67E-05,0.00038017,0.00027699,29126/259307/10148/941/3456,5,CD274/IL4I1/EBI3/CD80/IFNB1
GO:0140888,interferon-mediated signaling pathway,Jun-97,105/18842,0.057142857,11.09985272,7.46542921,1.70E-05,0.000382511,0.000278696,8638/9636/3665/54625/4939/3456,6,OASL/ISG15/IRF7/PARP14/OAS2/IFNB1
GO:0051251,positive regulation of lymphocyte activation,Sep-97,289/18842,0.031141869,6.049227696,6.22245729,1.82E-05,0.00040589,0.00029573,6714/1236/29126/259307/6347/3586/7412/10148/941,9,SRC/CCR7/CD274/IL4I1/CCL2/IL10/VCAM1/EBI3/CD80
GO:0002820,negative regulation of adaptive immune response,May-97,65/18842,0.076923077,14.94210944,8.099667334,2.11E-05,0.000454207,0.000330934,29126/259307/10148/941/3456,5,CD274/IL4I1/EBI3/CD80/IFNB1
GO:0042436,indole-containing compound catabolic process,Mar-97,11/18842,0.272727273,52.97656982,12.40401793,2.12E-05,0.000454207,0.000330934,8942/259307/8564,3,KYNU/IL4I1/KMO
GO:2000406,positive regulation of T cell migration,Apr-97,32/18842,0.125,24.28092784,9.481476993,2.12E-05,0.000454207,0.000330934,3627/3690/10563/6364,4,CXCL10/ITGB3/CXCL13/CCL20
GO:0051249,regulation of lymphocyte activation,Nov-97,453/18842,0.024282561,4.716824833,5.760195961,2.13E-05,0.000454207,0.000330934,6714/3624/1236/29126/259307/6347/3586/7412/10148/941/3456,11,SRC/INHBA/CCR7/CD274/IL4I1/CCL2/IL10/VCAM1/EBI3/CD80/IFNB1
GO:0007162,negative regulation of cell adhesion,Sep-97,295/18842,0.030508475,5.926192556,6.13452125,2.14E-05,0.000454207,0.000330934,6714/654/29126/259307/3586/1843/7422/941/3456,9,SRC/BMP6/CD274/IL4I1/IL10/DUSP1/VEGFA/CD80/IFNB1
GO:0050870,positive regulation of T cell activation,Aug-97,226/18842,0.03539823,6.876014962,6.392769519,2.19E-05,0.000459068,0.000334475,6714/1236/29126/259307/6347/7412/10148/941,8,SRC/CCR7/CD274/IL4I1/CCL2/VCAM1/EBI3/CD80
GO:0046651,lymphocyte proliferation,Aug-97,227/18842,0.035242291,6.845724147,6.374040895,2.26E-05,0.000469331,0.000341953,29126/259307/958/3586/7412/10148/941/3456,8,CD274/IL4I1/CD40/IL10/VCAM1/EBI3/CD80/IFNB1
GO:0032943,mononuclear cell proliferation,Aug-97,230/18842,0.034782609,6.756432093,6.318527812,2.48E-05,0.000510764,0.000372141,29126/259307/958/3586/7412/10148/941/3456,8,CD274/IL4I1/CD40/IL10/VCAM1/EBI3/CD80/IFNB1
GO:0071357,cellular response to type I interferon,Jun-97,116/18842,0.051724138,10.04728048,7.031041465,2.99E-05,0.00061094,0.000445129,8638/9636/3665/4939/3434/3456,6,OASL/ISG15/IRF7/OAS2/IFIT1/IFNB1
GO:0001541,ovarian follicle development,Apr-97,35/18842,0.114285714,22.19970545,9.030238199,3.06E-05,0.000617981,0.000450259,3624/7130/7422/4327,4,INHBA/TNFAIP6/VEGFA/MMP19
GO:0050918,positive chemotaxis,May-97,71/18842,0.070422535,13.67939596,7.69979484,3.24E-05,0.000649518,0.000473236,3627/6347/4233/7422/3576,5,CXCL10/CCL2/MET/VEGFA/CXCL8
GO:0002695,negative regulation of leukocyte activation,Jul-97,176/18842,0.039772727,7.725749766,6.448616169,3.49E-05,0.000692201,0.000504336,6714/3624/29126/259307/3586/941/3456,7,SRC/INHBA/CD274/IL4I1/IL10/CD80/IFNB1
GO:0002822,regulation of adaptive immune response based on somatic recombination of immune receptors built from immunoglobulin superfamily domains,Jul-97,178/18842,0.039325843,7.638943589,6.401794606,3.75E-05,0.000733651,0.000534536,29126/259307/3586/10148/941/3554/3456,7,CD274/IL4I1/IL10/EBI3/CD80/IL1R1/IFNB1
GO:2001233,regulation of apoptotic signaling pathway,Sep-97,317/18842,0.028391167,5.514911054,5.831695525,3.76E-05,0.000733651,0.000534536,6714/467/4929/3624/3084/57007/3586/6615/3456,9,SRC/ATF3/NR4A2/INHBA/NRG1/ACKR3/IL10/SNAI1/IFNB1
GO:0034340,response to type I interferon,Jun-97,122/18842,0.049180328,9.553151935,6.81786346,3.98E-05,0.000768789,0.000560137,8638/9636/3665/4939/3434/3456,6,OASL/ISG15/IRF7/OAS2/IFIT1/IFNB1
GO:0003158,endothelium development,Jun-97,125/18842,0.048,9.323876289,6.716725856,4.56E-05,0.000873424,0.000636374,3627/3084/54567/654/4233/7422,6,CXCL10/NRG1/DLL4/BMP6/MET/VEGFA
GO:0007369,gastrulation,Jun-97,127/18842,0.047244094,9.177043591,6.651175038,4.99E-05,0.000946357,0.000689513,3690/3624/3586/1843/8013/6615,6,ITGB3/INHBA/IL10/DUSP1/NR4A3/SNAI1
GO:0031334,positive regulation of protein-containing complex assembly,Jul-97,188/18842,0.037234043,7.232616802,6.178150508,5.31E-05,0.000998464,0.000727477,6714/9636/1236/1440/10563/3084/7422,7,SRC/ISG15/CCR7/CSF3/CXCL13/NRG1/VEGFA
GO:0070664,negative regulation of leukocyte proliferation,May-97,79/18842,0.063291139,12.29414068,7.236202616,5.43E-05,0.001013992,0.000738791,29126/259307/6355/3586/941,5,CD274/IL4I1/CCL8/IL10/CD80
GO:0032102,negative regulation of response to external stimulus,Oct-97,416/18842,0.024038462,4.669409199,5.444053655,5.62E-05,0.001033359,0.000752902,6714/9636/10563/6347/3586/1843/7130/8013/54625/3554,10,SRC/ISG15/CXCL13/CCL2/IL10/DUSP1/TNFAIP6/NR4A3/PARP14/IL1R1
GO:0071360,cellular response to exogenous dsRNA,Mar-97,15/18842,0.2,38.84948454,10.54897242,5.75E-05,0.001033359,0.000752902,64135/3434/3456,3,IFIH1/IFIT1/IFNB1
GO:0002224,toll-like receptor signaling pathway,May-97,80/18842,0.0625,12.14046392,7.182966212,5.77E-05,0.001033359,0.000752902,330/79931/3656/3665/29126,5,BIRC3/TNIP3/IRAK2/IRF7/CD274
GO:0060337,type I interferon-mediated signaling pathway,May-97,80/18842,0.0625,12.14046392,7.182966212,5.77E-05,0.001033359,0.000752902,8638/9636/3665/4939/3456,5,OASL/ISG15/IRF7/OAS2/IFNB1
GO:0031295,T cell costimulation,Apr-97,41/18842,0.097560976,18.95096807,8.277219029,5.78E-05,0.001033359,0.000752902,6714/1236/29126/941,4,SRC/CCR7/CD274/CD80
GO:0031294,lymphocyte costimulation,Apr-97,42/18842,0.095238095,18.49975454,8.167192599,6.36E-05,0.001110341,0.00080899,6714/1236/29126/941,4,SRC/CCR7/CD274/CD80
GO:0032728,positive regulation of interferon-beta production,Apr-97,42/18842,0.095238095,18.49975454,8.167192599,6.36E-05,0.001110341,0.00080899,9636/3665/64135/4939,4,ISG15/IRF7/IFIH1/OAS2
GO:0050922,negative regulation of chemotaxis,Apr-97,42/18842,0.095238095,18.49975454,8.167192599,6.36E-05,0.001110341,0.00080899,10563/6347/1843/7130,4,CXCL13/CCL2/DUSP1/TNFAIP6
GO:0022408,negative regulation of cell-cell adhesion,Jul-97,194/18842,0.036082474,7.008927622,6.051692149,6.47E-05,0.001120974,0.000816738,654/29126/259307/3586/7422/941/3456,7,BMP6/CD274/IL4I1/IL10/VEGFA/CD80/IFNB1
GO:0002833,positive regulation of response to biotic stimulus,Oct-97,424/18842,0.023584906,4.581307139,5.365354005,6.58E-05,0.001131297,0.000824259,6714/330/79931/8638/3656/3665/654/29126/64135/3456,10,SRC/BIRC3/TNIP3/OASL/IRAK2/IRF7/BMP6/CD274/IFIH1/IFNB1
GO:0030217,T cell differentiation,Aug-97,265/18842,0.030188679,5.864073138,5.73628027,6.76E-05,0.001152845,0.000839959,1236/54567/6775/259307/9021/3586/941/3456,8,CCR7/DLL4/STAT4/IL4I1/SOCS3/IL10/CD80/IFNB1
GO:0019674,NAD+ metabolic process,Apr-97,43/18842,0.093023256,18.06952769,8.060898967,6.98E-05,0.001175666,0.000856587,10135/8942/54625/8564,4,NAMPT/KYNU/PARP14/KMO
GO:0002756,MyD88-independent toll-like receptor signaling pathway,Mar-97,16/18842,0.1875,36.42139175,10.19627887,7.06E-05,0.001175666,0.000856587,79931/3665/29126,3,TNIP3/IRF7/CD274
GO:0006568,L-tryptophan metabolic process,Mar-97,16/18842,0.1875,36.42139175,10.19627887,7.06E-05,0.001175666,0.000856587,8942/259307/8564,3,KYNU/IL4I1/KMO
GO:0050866,negative regulation of cell activation,Jul-97,198/18842,0.035353535,6.867333125,5.970337937,7.36E-05,0.001216646,0.000886444,6714/3624/29126/259307/3586/941/3456,7,SRC/INHBA/CD274/IL4I1/IL10/CD80/IFNB1
GO:2000404,regulation of T cell migration,Apr-97,44/18842,0.090909091,17.65885661,7.958126259,7.65E-05,0.001255713,0.000914908,3627/3690/10563/6364,4,CXCL10/ITGB3/CXCL13/CCL20
GO:0002573,myeloid leukocyte differentiation,Jul-97,201/18842,0.034825871,6.764835616,5.910789225,8.08E-05,0.001317105,0.000959638,6714/3624/1236/1440/3665/7130/7422,7,SRC/INHBA/CCR7/CSF3/IRF7/TNFAIP6/VEGFA
GO:0071359,cellular response to dsRNA,Mar-97,18/18842,0.166666667,32.37457045,9.579728559,0.000102037,0.001649972,0.001202164,64135/3434/3456,3,IFIH1/IFIT1/IFNB1
GO:0051924,regulation of calcium ion transport,Jul-97,211/18842,0.033175355,6.444227293,5.720770331,0.000109489,0.001757459,0.001280479,6373/3627/3690/57214/6351/6347/5142,7,CXCL11/CXCL10/ITGB3/CEMIP/CCL4/CCL2/PDE4B
GO:0042129,regulation of T cell proliferation,Jun-97,148/18842,0.040540541,7.874895514,6.04005593,0.000116496,0.001856277,0.001352477,29126/259307/3586/7412/10148/941,6,CD274/IL4I1/IL10/VCAM1/EBI3/CD80
GO:0051928,positive regulation of calcium ion transport,May-97,93/18842,0.053763441,10.44340982,6.567141541,0.000118408,0.001871562,0.001363614,6373/3627/57214/6351/6347,5,CXCL11/CXCL10/CEMIP/CCL4/CCL2
GO:0001932,regulation of protein phosphorylation,Sep-97,369/18842,0.024390244,4.737742017,5.216136046,0.00012058,0.001871562,0.001363614,51191/57214/3656/3084/3486/3586/54625/7422/941,9,HERC5/CEMIP/IRAK2/NRG1/IGFBP3/IL10/PARP14/VEGFA/CD80
GO:0009435,NAD+ biosynthetic process,Mar-97,19/18842,0.157894737,30.67064569,9.307959744,0.000120717,0.001871562,0.001363614,10135/8942/8564,3,NAMPT/KYNU/KMO
GO:0051250,negative regulation of lymphocyte activation,Jun-97,149/18842,0.040268456,7.822043866,6.01399771,0.000120884,0.001871562,0.001363614,3624/29126/259307/3586/941/3456,6,INHBA/CD274/IL4I1/IL10/CD80/IFNB1
GO:0043542,endothelial cell migration,Aug-97,290/18842,0.027586207,5.358549591,5.380724329,0.000126361,0.001942578,0.001415356,1960/3690/10563/54567/958/4233/3164/7422,8,EGR3/ITGB3/CXCL13/DLL4/CD40/MET/NR4A1/VEGFA
GO:0002221,pattern recognition receptor signaling pathway,Aug-97,291/18842,0.027491409,5.340135331,5.36736615,0.000129389,0.001975219,0.001439138,6714/330/79931/8638/3656/3665/29126/64135,8,SRC/BIRC3/TNIP3/OASL/IRAK2/IRF7/CD274/IFIH1
GO:0071622,regulation of granulocyte chemotaxis,Apr-97,51/18842,0.078431373,15.23509197,7.322603837,0.000137008,0.002077002,0.001513297,1236/6347/7130/3576,4,CCR7/CCL2/TNFAIP6/CXCL8
GO:0002689,negative regulation of leukocyte chemotaxis,Mar-97,20/18842,0.15,29.1371134,9.056424559,0.00014149,0.002130154,0.001552023,6347/1843/7130,3,CCL2/DUSP1/TNFAIP6
GO:1903706,regulation of hemopoiesis,Sep-97,382/18842,0.023560209,4.576509958,5.080078126,0.000156419,0.002338793,0.001704036,9636/3624/1440/3665/259307/3586/7130/941/3456,9,ISG15/INHBA/CSF3/IRF7/IL4I1/IL10/TNFAIP6/CD80/IFNB1
GO:0070663,regulation of leukocyte proliferation,Jul-97,224/18842,0.03125,6.070231959,5.491366679,0.000158549,0.002354514,0.001715491,29126/259307/6355/3586/7412/10148/941,7,CD274/IL4I1/CCL8/IL10/VCAM1/EBI3/CD80
GO:0048245,eosinophil chemotaxis,Mar-97,21/18842,0.142857143,27.74963181,8.822694233,0.000164456,0.002425725,0.001767375,6351/6355/6347,3,CCL4/CCL8/CCL2
GO:0002709,regulation of T cell mediated immunity,May-97,100/18842,0.05,9.712371134,6.283816875,0.000166735,0.002442842,0.001779846,29126/259307/941/3554/3456,5,CD274/IL4I1/CD80/IL1R1/IFNB1
GO:0050731,positive regulation of peptidyl-tyrosine phosphorylation,Apr-97,54/18842,0.074074074,14.38869798,7.087450986,0.000171351,0.002493728,0.001816921,3084/3586/54625/941,4,NRG1/IL10/PARP14/CD80
GO:0010562,positive regulation of phosphorus metabolic process,Aug-97,305/18842,0.026229508,5.095014365,5.186575973,0.000178484,0.002563364,0.001867658,6714/374/57214/3084/3586/54625/7422/941,8,SRC/AREG/CEMIP/NRG1/IL10/PARP14/VEGFA/CD80
GO:0045937,positive regulation of phosphate metabolic process,Aug-97,305/18842,0.026229508,5.095014365,5.186575973,0.000178484,0.002563364,0.001867658,6714/374/57214/3084/3586/54625/7422/941,8,SRC/AREG/CEMIP/NRG1/IL10/PARP14/VEGFA/CD80
GO:0002758,innate immune response-activating signaling pathway,Aug-97,306/18842,0.026143791,5.078363992,5.174087943,0.000182509,0.002604031,0.001897288,6714/330/79931/8638/3656/3665/29126/64135,8,SRC/BIRC3/TNIP3/OASL/IRAK2/IRF7/CD274/IFIH1
GO:0002768,immune response-regulating cell surface receptor signaling pathway,Sep-97,392/18842,0.022959184,4.459762255,4.979505589,0.000189698,0.002653538,0.001933358,6714/79931/1236/3656/29126/958/5142/8013/941,9,SRC/TNIP3/CCR7/IRAK2/CD274/CD40/PDE4B/NR4A3/CD80
GO:0019359,nicotinamide nucleotide biosynthetic process,Mar-97,22/18842,0.136363636,26.48828491,8.604730316,0.000189713,0.002653538,0.001933358,10135/8942/8564,3,NAMPT/KYNU/KMO
GO:0019363,pyridine nucleotide biosynthetic process,Mar-97,22/18842,0.136363636,26.48828491,8.604730316,0.000189713,0.002653538,0.001933358,10135/8942/8564,3,NAMPT/KYNU/KMO
GO:0042098,T cell proliferation,Jun-97,162/18842,0.037037037,7.194348988,5.695867272,0.000190841,0.002653538,0.001933358,29126/259307/3586/7412/10148/941,6,CD274/IL4I1/IL10/VCAM1/EBI3/CD80
GO:0043065,positive regulation of apoptotic process,Oct-97,484/18842,0.020661157,4.013376502,4.831238916,0.000194496,0.002687242,0.001957916,467/3624/29126/958/3486/6347/3586/1843/3433/3456,10,ATF3/INHBA/CD274/CD40/IGFBP3/CCL2/IL10/DUSP1/IFIT2/IFNB1
GO:0045089,positive regulation of innate immune response,Sep-97,396/18842,0.022727273,4.414714152,4.940216306,0.000204568,0.002808633,0.00204636,6714/330/79931/8638/3656/3665/29126/64135/3456,9,SRC/BIRC3/TNIP3/OASL/IRAK2/IRF7/CD274/IFIH1/IFNB1
GO:0030522,intracellular receptor signaling pathway,Sep-97,399/18842,0.022556391,4.381520812,4.911089502,0.000216348,0.002928946,0.00213402,6714/330/8638/4929/3656/3665/64135/8013/3164,9,SRC/BIRC3/OASL/NR4A2/IRAK2/IRF7/IFIH1/NR4A3/NR4A1
GO:0009074,aromatic amino acid family catabolic process,Mar-97,23/18842,0.130434783,25.33662035,8.400807508,0.000217356,0.002928946,0.00213402,8942/259307/8564,3,KYNU/IL4I1/KMO
GO:0038128,ERBB2 signaling pathway,Mar-97,23/18842,0.130434783,25.33662035,8.400807508,0.000217356,0.002928946,0.00213402,6714/374/3084,3,SRC/AREG/NRG1
GO:0002707,negative regulation of lymphocyte mediated immunity,Apr-97,58/18842,0.068965517,13.39637398,6.801578992,0.000226291,0.002975861,0.002168202,29126/259307/941/3456,4,CD274/IL4I1/CD80/IFNB1
GO:0008585,female gonad development,Apr-97,58/18842,0.068965517,13.39637398,6.801578992,0.000226291,0.002975861,0.002168202,3624/7130/7422/4327,4,INHBA/TNFAIP6/VEGFA/MMP19
GO:0032608,interferon-beta production,Apr-97,58/18842,0.068965517,13.39637398,6.801578992,0.000226291,0.002975861,0.002168202,9636/3665/64135/4939,4,ISG15/IRF7/IFIH1/OAS2
GO:0032648,regulation of interferon-beta production,Apr-97,58/18842,0.068965517,13.39637398,6.801578992,0.000226291,0.002975861,0.002168202,9636/3665/64135/4939,4,ISG15/IRF7/IFIH1/OAS2
GO:0042113,B cell activation,Jul-97,238/18842,0.029411765,5.713159491,5.263717451,0.000229925,0.003005548,0.002189832,3624/259307/958/3586/7412/10148/3456,7,INHBA/IL4I1/CD40/IL10/VCAM1/EBI3/IFNB1
GO:0002698,negative regulation of immune effector process,May-97,108/18842,0.046296296,8.992936235,5.99236264,0.000239,0.003088822,0.002250505,29126/259307/3586/941/3456,5,CD274/IL4I1/IL10/CD80/IFNB1
GO:0002706,regulation of lymphocyte mediated immunity,Jun-97,169/18842,0.035502959,6.896358202,5.538794881,0.00023993,0.003088822,0.002250505,29126/259307/3586/941/3554/3456,6,CD274/IL4I1/IL10/CD80/IL1R1/IFNB1
GO:0042130,negative regulation of T cell proliferation,Apr-97,59/18842,0.06779661,13.16931679,6.734492024,0.000241796,0.003088822,0.002250505,29126/259307/3586/941,4,CD274/IL4I1/IL10/CD80
GO:0042327,positive regulation of phosphorylation,Jul-97,240/18842,0.029166667,5.665549828,5.232674889,0.000241955,0.003088822,0.002250505,374/57214/3084/3586/54625/7422/941,7,AREG/CEMIP/NRG1/IL10/PARP14/VEGFA/CD80
GO:0072677,eosinophil migration,Mar-97,24/18842,0.125,24.28092784,8.209454363,0.000247482,0.003122847,0.002275296,6351/6355/6347,3,CCL4/CCL8/CCL2
GO:2001026,regulation of endothelial cell chemotaxis,Mar-97,24/18842,0.125,24.28092784,8.209454363,0.000247482,0.003122847,0.002275296,10563/4233/7422,3,CXCL13/MET/VEGFA
GO:0046545,development of primary female sexual characteristics,Apr-97,60/18842,0.066666667,12.94982818,6.669011824,0.000258051,0.003237504,0.002358834,3624/7130/7422/4327,4,INHBA/TNFAIP6/VEGFA/MMP19
GO:0002218,activation of innate immune response,Aug-97,326/18842,0.024539877,4.766807919,4.935189216,0.000280098,0.003475205,0.002532023,6714/330/79931/8638/3656/3665/29126/64135,8,SRC/BIRC3/TNIP3/OASL/IRAK2/IRF7/CD274/IFIH1
GO:0072525,pyridine-containing compound biosynthetic process,Mar-97,25/18842,0.12,23.30969072,8.029407164,0.000280181,0.003475205,0.002532023,10135/8942/8564,3,NAMPT/KYNU/KMO
GO:0006816,calcium ion transport,Sep-97,416/18842,0.021634615,4.202468279,4.751285069,0.000294287,0.003629541,0.002644471,6373/3627/3690/57214/1236/6351/6355/6347/5142,9,CXCL11/CXCL10/ITGB3/CEMIP/CCR7/CCL4/CCL8/CCL2/PDE4B
GO:0045577,regulation of B cell differentiation,Mar-97,26/18842,0.115384615,22.41316416,7.859573645,0.000315547,0.003869884,0.002819584,3624/259307/3586,3,INHBA/IL4I1/IL10
GO:0051209,release of sequestered calcium ion into cytosol,May-97,116/18842,0.043103448,8.372733736,5.729677189,0.000332941,0.004060395,0.00295839,6373/3627/3690/57214/1236,5,CXCL11/CXCL10/ITGB3/CEMIP/CCR7
GO:0002429,immune response-activating cell surface receptor signaling pathway,Aug-97,336/18842,0.023809524,4.624938635,4.822909785,0.000342931,0.004158996,0.00303023,6714/79931/1236/3656/29126/5142/8013/941,8,SRC/TNIP3/CCR7/IRAK2/CD274/PDE4B/NR4A3/CD80
GO:0002704,negative regulation of leukocyte mediated immunity,Apr-97,65/18842,0.061538462,11.95368755,6.363543883,0.000351314,0.004218898,0.003073874,29126/259307/941/3456,4,CD274/IL4I1/CD80/IFNB1
GO:0010818,T cell chemotaxis,Mar-97,27/18842,0.111111111,21.58304696,7.699004177,0.000353668,0.004218898,0.003073874,6373/3627/10563,3,CXCL11/CXCL10/CXCL13
GO:0046426,negative regulation of receptor signaling pathway via JAK-STAT,Mar-97,27/18842,0.111111111,21.58304696,7.699004177,0.000353668,0.004218898,0.003073874,602/9021/54625,3,BCL3/SOCS3/PARP14
GO:0043434,response to peptide hormone,Sep-97,427/18842,0.021077283,4.094207972,4.652353392,0.000356164,0.00422558,0.003078743,6714/374/3690/4929/3624/6775/3586/8013/3164,9,SRC/AREG/ITGB3/NR4A2/INHBA/STAT4/IL10/NR4A3/NR4A1
GO:0046631,alpha-beta T cell activation,Jun-97,183/18842,0.032786885,6.368767957,5.249901025,0.000367669,0.004324863,0.00315108,29126/6775/9021/3586/10148/941,6,CD274/STAT4/SOCS3/IL10/EBI3/CD80
GO:0050727,regulation of inflammatory response,Sep-97,429/18842,0.020979021,4.075120756,4.634721725,0.000368495,0.004324863,0.00315108,6714/330/653361/1236/283131/3586/7130/8013/3554,9,SRC/BIRC3/NCF1/CCR7/NEAT1/IL10/TNFAIP6/NR4A3/IL1R1
GO:0072577,endothelial cell apoptotic process,Apr-97,66/18842,0.060606061,11.77257107,6.306449422,0.000372513,0.004325516,0.003151556,3690/958/6347/3586,4,ITGB3/CD40/CCL2/IL10
GO:2000106,regulation of leukocyte apoptotic process,Apr-97,66/18842,0.060606061,11.77257107,6.306449422,0.000372513,0.004325516,0.003151556,1236/3665/29126/3586,4,CCR7/IRF7/CD274/IL10
GO:0030879,mammary gland development,Apr-97,67/18842,0.059701493,11.59686106,6.250572372,0.000394613,0.004510396,0.003286259,6714/3084/4939/7422,4,SRC/NRG1/OAS2/VEGFA
GO:0007595,lactation,Mar-97,28/18842,0.107142857,20.81222386,7.546868658,0.000394634,0.004510396,0.003286259,6714/4939/7422,3,SRC/OAS2/VEGFA
GO:0042430,indole-containing compound metabolic process,Mar-97,28/18842,0.107142857,20.81222386,7.546868658,0.000394634,0.004510396,0.003286259,8942/259307/8564,3,KYNU/IL4I1/KMO
GO:0018108,peptidyl-tyrosine phosphorylation,May-97,122/18842,0.040983607,7.960959946,5.548700037,0.000419984,0.004775136,0.003479148,6714/3084/3586/54625/941,5,SRC/NRG1/IL10/PARP14/CD80
GO:0002697,regulation of immune effector process,Aug-97,347/18842,0.023054755,4.478326748,4.704387264,0.000424887,0.004805847,0.003501524,653361/29126/259307/3586/8013/941/3554/3456,8,NCF1/CD274/IL4I1/IL10/NR4A3/CD80/IL1R1/IFNB1
GO:0002286,T cell activation involved in immune response,May-97,123/18842,0.040650407,7.896236694,5.519738612,0.000436015,0.004906293,0.003574708,6775/9021/3586/941/3456,5,STAT4/SOCS3/IL10/CD80/IFNB1
GO:0033631,cell-cell adhesion mediated by integrin,Mar-97,29/18842,0.103448276,20.09456097,7.40243782,0.00043853,0.004909287,0.00357689,3690/10563/7412,3,ITGB3/CXCL13/VCAM1
GO:0046660,female sex differentiation,Apr-97,69/18842,0.057971014,11.26072016,6.14229496,0.000441597,0.0049184,0.00358353,3624/7130/7422/4327,4,INHBA/TNFAIP6/VEGFA/MMP19
GO:0002456,T cell mediated immunity,May-97,124/18842,0.040322581,7.832557366,5.491102207,0.000452503,0.004988959,0.003634939,29126/259307/941/3554/3456,5,CD274/IL4I1/CD80/IL1R1/IFNB1
GO:0018212,peptidyl-tyrosine modification,May-97,124/18842,0.040322581,7.832557366,5.491102207,0.000452503,0.004988959,0.003634939,6714/3084/3586/54625/941,5,SRC/NRG1/IL10/PARP14/CD80
GO:0002753,cytoplasmic pattern recognition receptor signaling pathway,Jun-97,191/18842,0.031413613,6.102013278,5.098029294,0.000461509,0.005062683,0.003688653,6714/330/8638/3656/3665/64135,6,SRC/BIRC3/OASL/IRAK2/IRF7/IFIH1
GO:0050672,negative regulation of lymphocyte proliferation,Apr-97,70/18842,0.057142857,11.09985272,6.08981231,0.000466526,0.005066797,0.003691651,29126/259307/3586/941,4,CD274/IL4I1/IL10/CD80
GO:0051279,regulation of release of sequestered calcium ion into cytosol,Apr-97,70/18842,0.057142857,11.09985272,6.08981231,0.000466526,0.005066797,0.003691651,6373/3627/3690/57214,4,CXCL11/CXCL10/ITGB3/CEMIP
GO:0050868,negative regulation of T cell activation,May-97,125/18842,0.04,7.769896907,5.462784407,0.000469457,0.005073387,0.003696452,29126/259307/3586/941/3456,5,CD274/IL4I1/IL10/CD80/IFNB1
GO:0032607,interferon-alpha production,Mar-97,30/18842,0.1,19.42474227,7.265067996,0.000485442,0.005169367,0.003766383,3665/64135/3586,3,IRF7/IFIH1/IL10
GO:0032647,regulation of interferon-alpha production,Mar-97,30/18842,0.1,19.42474227,7.265067996,0.000485442,0.005169367,0.003766383,3665/64135/3586,3,IRF7/IFIH1/IL10
GO:0051281,positive regulation of release of sequestered calcium ion into cytosol,Mar-97,30/18842,0.1,19.42474227,7.265067996,0.000485442,0.005169367,0.003766383,6373/3627/57214,3,CXCL11/CXCL10/CEMIP
GO:0032945,negative regulation of mononuclear cell proliferation,Apr-97,71/18842,0.056338028,10.94351677,6.038382219,0.000492442,0.005218452,0.003802146,29126/259307/3586/941,4,CD274/IL4I1/IL10/CD80
GO:0035710,"CD4-positive, alpha-beta T cell activation",May-97,127/18842,0.039370079,7.647536326,5.407079855,0.000504796,0.005323525,0.003878702,29126/6775/9021/3586/941,5,CD274/STAT4/SOCS3/IL10/CD80
GO:0060759,regulation of response to cytokine stimulus,Jun-97,196/18842,0.030612245,5.946349674,5.007432804,0.000529023,0.005552195,0.00404531,9636/3656/64135/958/54625/3554,6,ISG15/IRAK2/IFIH1/CD40/PARP14/IL1R1
GO:0002366,leukocyte activation involved in immune response,Jul-97,274/18842,0.025547445,4.962525397,4.752913341,0.000536869,0.005607586,0.004085668,6775/9021/3586/8013/941/3554/3456,7,STAT4/SOCS3/IL10/NR4A3/CD80/IL1R1/IFNB1
GO:0050670,regulation of lymphocyte proliferation,Jun-97,198/18842,0.03030303,5.886285536,4.972067426,0.000558085,0.005801426,0.004226899,29126/259307/3586/7412/10148/941,6,CD274/IL4I1/IL10/VCAM1/EBI3/CD80
GO:2001234,negative regulation of apoptotic signaling pathway,Jun-97,199/18842,0.030150754,5.856706211,4.954565694,0.000573074,0.005929009,0.004319856,6714/4929/3084/57007/3586/6615,6,SRC/NR4A2/NRG1/ACKR3/IL10/SNAI1
GO:0030099,myeloid cell differentiation,Aug-97,364/18842,0.021978022,4.269174125,4.530606908,0.000582344,0.005976829,0.004354697,6714/9636/3624/1236/1440/3665/7130/7422,8,SRC/ISG15/INHBA/CCR7/CSF3/IRF7/TNFAIP6/VEGFA
GO:0032944,regulation of mononuclear cell proliferation,Jun-97,200/18842,0.03,5.82742268,4.937182626,0.000588375,0.005976829,0.004354697,29126/259307/3586/7412/10148/941,6,CD274/IL4I1/IL10/VCAM1/EBI3/CD80
GO:0022602,ovulation cycle process,Mar-97,32/18842,0.09375,18.21069588,7.009291818,0.000588648,0.005976829,0.004354697,3624/7130/4327,3,INHBA/TNFAIP6/MMP19
GO:0090022,regulation of neutrophil chemotaxis,Mar-97,32/18842,0.09375,18.21069588,7.009291818,0.000588648,0.005976829,0.004354697,1236/7130/3576,3,CCR7/TNFAIP6/CXCL8
GO:0002263,cell activation involved in immune response,Jul-97,279/18842,0.025089606,4.87359125,4.689072309,0.000597615,0.006039786,0.004400567,6775/9021/3586/8013/941/3554/3456,7,STAT4/SOCS3/IL10/NR4A3/CD80/IL1R1/IFNB1
GO:0031623,receptor internalization,May-97,132/18842,0.037878788,7.35785692,5.272977783,0.0006019,0.006055054,0.004411691,3690/3084/57007/7422/3576,5,ITGB3/NRG1/ACKR3/VEGFA/CXCL8
GO:0042100,B cell proliferation,Apr-97,75/18842,0.053333333,10.35986254,5.842487543,0.000606421,0.00607256,0.004424446,958/3586/10148/3456,4,CD40/IL10/EBI3/IFNB1
GO:0032729,positive regulation of type II interferon production,Apr-97,76/18842,0.052631579,10.22354856,5.795809446,0.000637606,0.006355682,0.004630728,9636/5142/10148/3554,4,ISG15/PDE4B/EBI3/IL1R1
GO:0008406,gonad development,May-97,135/18842,0.037037037,7.194348988,5.195837983,0.000666517,0.006613671,0.004818698,3624/10046/7130/7422/4327,5,INHBA/MAMLD1/TNFAIP6/VEGFA/MMP19
GO:1903169,regulation of calcium ion transmembrane transport,May-97,136/18842,0.036764706,7.141449363,5.170648127,0.00068917,0.006807501,0.004959922,6373/3627/3690/57214/5142,5,CXCL11/CXCL10/ITGB3/CEMIP/PDE4B
GO:0002825,regulation of T-helper 1 type immune response,Mar-97,34/18842,0.088235294,17.13947847,6.775678125,0.000704903,0.006931545,0.0050503,10148/941/3554,3,EBI3/CD80/IL1R1
GO:0032479,regulation of type I interferon production,May-97,137/18842,0.03649635,7.089321996,5.145712129,0.000712394,0.00694266,0.005058398,9636/3665/64135/3586/4939,5,ISG15/IRF7/IFIH1/IL10/OAS2
GO:0032606,type I interferon production,May-97,137/18842,0.03649635,7.089321996,5.145712129,0.000712394,0.00694266,0.005058398,9636/3665/64135/3586/4939,5,ISG15/IRF7/IFIH1/IL10/OAS2
GO:0045137,development of primary sexual characteristics,May-97,138/18842,0.036231884,7.037950097,5.121025462,0.000736199,0.007142763,0.005204193,3624/10046/7130/7422/4327,5,INHBA/MAMLD1/TNFAIP6/VEGFA/MMP19
GO:0043330,response to exogenous dsRNA,Mar-97,35/18842,0.085714286,16.64977909,6.666188512,0.000768121,0.007408571,0.005397859,64135/3434/3456,3,IFIH1/IFIT1/IFNB1
GO:0032481,positive regulation of type I interferon production,Apr-97,80/18842,0.05,9.712371134,5.617420239,0.000773777,0.007408571,0.005397859,9636/3665/64135/4939,4,ISG15/IRF7/IFIH1/OAS2
GO:0050730,regulation of peptidyl-tyrosine phosphorylation,Apr-97,80/18842,0.05,9.712371134,5.617420239,0.000773777,0.007408571,0.005397859,3084/3586/54625/941,4,NRG1/IL10/PARP14/CD80
GO:0002287,alpha-beta T cell activation involved in immune response,Apr-97,81/18842,0.049382716,9.592465318,5.574776044,0.000810789,0.007729051,0.00563136,6775/9021/3586/941,4,STAT4/SOCS3/IL10/CD80
GO:1902105,regulation of leukocyte differentiation,Jul-97,295/18842,0.023728814,4.609260877,4.494563965,0.000829597,0.007873955,0.005736937,3624/3665/259307/3586/7130/941/3456,7,INHBA/IRF7/IL4I1/IL10/TNFAIP6/CD80/IFNB1
GO:0045063,T-helper 1 cell differentiation,Mar-97,36/18842,0.083333333,16.18728522,6.561124871,0.000834836,0.007879602,0.005741051,6775/3586/941,3,STAT4/IL10/CD80
GO:0031960,response to corticosteroid,May-97,142/18842,0.035211268,6.839697982,5.024685399,0.000837411,0.007879602,0.005741051,374/3624/654/3586/1843,5,AREG/INHBA/BMP6/IL10/DUSP1
GO:1903038,negative regulation of leukocyte cell-cell adhesion,May-97,144/18842,0.034722222,6.744702176,4.977901586,0.000891743,0.008354828,0.006087299,29126/259307/3586/941/3456,5,CD274/IL4I1/IL10/CD80/IFNB1
GO:0031348,negative regulation of defense response,Jul-97,300/18842,0.023333333,4.532439863,4.43662003,0.000915089,0.008536924,0.006219974,6714/9636/3586/7130/8013/54625/3554,7,SRC/ISG15/IL10/TNFAIP6/NR4A3/PARP14/IL1R1
GO:0018193,peptidyl-amino acid modification,Aug-97,391/18842,0.020460358,3.97437182,4.275321724,0.000926879,0.008610118,0.006273303,6714/55214/57214/3084/64135/3586/54625/941,8,SRC/P3H2/CEMIP/NRG1/IFIH1/IL10/PARP14/CD80
GO:0001934,positive regulation of protein phosphorylation,Jun-97,219/18842,0.02739726,5.321847197,4.627663409,0.000944316,0.008698067,0.006337382,57214/3084/3586/54625/7422/941,6,CEMIP/NRG1/IL10/PARP14/VEGFA/CD80
GO:0002703,regulation of leukocyte mediated immunity,Jun-97,219/18842,0.02739726,5.321847197,4.627663409,0.000944316,0.008698067,0.006337382,29126/259307/3586/941/3554/3456,6,CD274/IL4I1/IL10/CD80/IL1R1/IFNB1
GO:0046425,regulation of receptor signaling pathway via JAK-STAT,Apr-97,85/18842,0.047058824,9.141055185,5.411324673,0.000971395,0.00887262,0.00646456,602/9021/3586/54625,4,BCL3/SOCS3/IL10/PARP14
GO:0071887,leukocyte apoptotic process,Apr-97,85/18842,0.047058824,9.141055185,5.411324673,0.000971395,0.00887262,0.00646456,1236/3665/29126/3586,4,CCR7/IRF7/CD274/IL10
GO:0002292,T cell differentiation involved in immune response,Apr-97,86/18842,0.046511628,9.034763846,5.372140344,0.001014799,0.009230439,0.006725266,6775/9021/3586/941,4,STAT4/SOCS3/IL10/CD80
GO:0032733,positive regulation of interleukin-10 production,Mar-97,39/18842,0.076923077,14.94210944,6.269636143,0.001056701,0.009479478,0.006906715,9636/29126/10148,3,ISG15/CD274/EBI3
GO:0043331,response to dsRNA,Mar-97,39/18842,0.076923077,14.94210944,6.269636143,0.001056701,0.009479478,0.006906715,64135/3434/3456,3,IFIH1/IFIT1/IFNB1
GO:1904893,negative regulation of receptor signaling pathway via STAT,Mar-97,39/18842,0.076923077,14.94210944,6.269636143,0.001056701,0.009479478,0.006906715,602/9021/54625,3,BCL3/SOCS3/PARP14
GO:0042102,positive regulation of T cell proliferation,Apr-97,87/18842,0.045977011,8.930915985,5.333589178,0.001059548,0.009479478,0.006906715,29126/7412/10148/941,4,CD274/VCAM1/EBI3/CD80
GO:0003222,ventricular trabecula myocardium morphogenesis,Feb-97,10/18842,0.2,38.84948454,8.612056415,0.001149056,0.010155418,0.007399203,3084/54567,2,NRG1/DLL4
GO:0034354,'de novo' NAD+ biosynthetic process from L-tryptophan,Feb-97,10/18842,0.2,38.84948454,8.612056415,0.001149056,0.010155418,0.007399203,8942/8564,2,KYNU/KMO
GO:0035747,natural killer cell chemotaxis,Feb-97,10/18842,0.2,38.84948454,8.612056415,0.001149056,0.010155418,0.007399203,6351/6347,2,CCL4/CCL2
GO:0001704,formation of primary germ layer,Apr-97,90/18842,0.044444444,8.633218786,5.221560178,0.001202095,0.010553009,0.007688886,3690/3624/1843/6615,4,ITGB3/INHBA/DUSP1/SNAI1
GO:0046496,nicotinamide nucleotide metabolic process,May-97,154/18842,0.032467532,6.306734503,4.756652528,0.00120371,0.010553009,0.007688886,6714/10135/8942/54625/8564,5,SRC/NAMPT/KYNU/PARP14/KMO
GO:1902622,regulation of neutrophil migration,Mar-97,41/18842,0.073170732,14.21322605,6.092638887,0.001223431,0.010682996,0.007783594,1236/7130/3576,3,CCR7/TNFAIP6/CXCL8
GO:0008630,intrinsic apoptotic signaling pathway in response to DNA damage,Apr-97,91/18842,0.043956044,8.53834825,5.185370534,0.001252453,0.010892848,0.007936491,330/602/57007/6615,4,BIRC3/BCL3/ACKR3/SNAI1
GO:0048545,response to steroid hormone,Jul-97,317/18842,0.022082019,4.289375264,4.248729328,0.001258999,0.010906329,0.007946314,6714/374/3624/654/3586/1843/8013,7,SRC/AREG/INHBA/BMP6/IL10/DUSP1/NR4A3
GO:0009072,aromatic amino acid metabolic process,Mar-97,42/18842,0.071428571,13.87481591,6.008718632,0.00131265,0.011326146,0.008252191,8942/259307/8564,3,KYNU/IL4I1/KMO
GO:0010594,regulation of endothelial cell migration,Jun-97,234/18842,0.025641026,4.980703146,4.407709783,0.001327249,0.011407023,0.008311118,3690/10563/54567/958/4233/7422,6,ITGB3/CXCL13/DLL4/CD40/MET/VEGFA
GO:0048732,gland development,Jun-97,236/18842,0.025423729,4.938493797,4.379805035,0.001386137,0.011752051,0.008562504,6714/3084/3586/4939/4233/7422,6,SRC/NRG1/IL10/OAS2/MET/VEGFA
GO:0002835,negative regulation of response to tumor cell,Feb-97,11/18842,0.181818182,35.31771321,8.189796509,0.001399695,0.011752051,0.008562504,29126/259307,2,CD274/IL4I1
GO:0002838,negative regulation of immune response to tumor cell,Feb-97,11/18842,0.181818182,35.31771321,8.189796509,0.001399695,0.011752051,0.008562504,29126/259307,2,CD274/IL4I1
GO:0033625,positive regulation of integrin activation,Feb-97,11/18842,0.181818182,35.31771321,8.189796509,0.001399695,0.011752051,0.008562504,6714/10563,2,SRC/CXCL13
GO:0039530,MDA-5 signaling pathway,Feb-97,11/18842,0.181818182,35.31771321,8.189796509,0.001399695,0.011752051,0.008562504,3665/64135,2,IRF7/IFIH1
GO:2000048,negative regulation of cell-cell adhesion mediated by cadherin,Feb-97,11/18842,0.181818182,35.31771321,8.189796509,0.001399695,0.011752051,0.008562504,654/7422,2,BMP6/VEGFA
GO:0042093,T-helper cell differentiation,Apr-97,94/18842,0.042553191,8.265847774,5.080048618,0.001412367,0.011813014,0.008606922,6775/9021/3586/941,4,STAT4/SOCS3/IL10/CD80
GO:0007204,positive regulation of cytosolic calcium ion concentration,May-97,160/18842,0.03125,6.070231959,4.633095534,0.001425934,0.011880969,0.008656434,1236/10563/57007/6347/3576,5,CCR7/CXCL13/ACKR3/CCL2/CXCL8
GO:0002367,cytokine production involved in immune response,Apr-97,96/18842,0.041666667,8.093642612,5.012400146,0.001526568,0.012623096,0.009197144,3586/8013/3554/3456,4,IL10/NR4A3/IL1R1/IFNB1
GO:0002718,regulation of cytokine production involved in immune response,Apr-97,96/18842,0.041666667,8.093642612,5.012400146,0.001526568,0.012623096,0.009197144,3586/8013/3554/3456,4,IL10/NR4A3/IL1R1/IFNB1
GO:0010959,regulation of metal ion transport,Jul-97,332/18842,0.021084337,4.095578189,4.093574796,0.001640067,0.013510442,0.009843662,6373/3627/3690/57214/6351/6347/5142,7,CXCL11/CXCL10/ITGB3/CEMIP/CCL4/CCL2/PDE4B
GO:0002443,leukocyte mediated immunity,Aug-97,429/18842,0.018648019,3.62232956,3.952289601,0.001671151,0.013660521,0.009953009,29126/259307/958/3586/8013/941/3554/3456,8,CD274/IL4I1/CD40/IL10/NR4A3/CD80/IL1R1/IFNB1
GO:0050930,induction of positive chemotaxis,Feb-97,12/18842,0.166666667,32.37457045,7.820569342,0.001674007,0.013660521,0.009953009,7422/3576,2,VEGFA/CXCL8
GO:0072524,pyridine-containing compound metabolic process,May-97,166/18842,0.030120482,5.850825984,4.515677586,0.001677059,0.013660521,0.009953009,6714/10135/8942/54625/8564,5,SRC/NAMPT/KYNU/PARP14/KMO
GO:0048608,reproductive structure development,May-97,167/18842,0.02994012,5.815791098,4.49666661,0.001721876,0.013973438,0.010180999,3624/10046/7130/7422/4327,5,INHBA/MAMLD1/TNFAIP6/VEGFA/MMP19
GO:0051701,biological process involved in interaction with host,May-97,168/18842,0.029761905,5.781173294,4.477809034,0.001767566,0.014237607,0.010373471,6714/3690/941/3576/3434,5,SRC/ITGB3/CD80/CXCL8/IFIT1
GO:0061458,reproductive system development,May-97,168/18842,0.029761905,5.781173294,4.477809034,0.001767566,0.014237607,0.010373471,3624/10046/7130/7422/4327,5,INHBA/MAMLD1/TNFAIP6/VEGFA/MMP19
GO:0002042,cell migration involved in sprouting angiogenesis,Apr-97,100/18842,0.04,7.769896907,4.882803059,0.001773994,0.014237607,0.010373471,1960/54567/3164/7422,4,EGR3/DLL4/NR4A1/VEGFA
GO:0007548,sex differentiation,May-97,169/18842,0.029585799,5.746965168,4.459102631,0.001814141,0.014499635,0.010564384,3624/10046/7130/7422/4327,5,INHBA/MAMLD1/TNFAIP6/VEGFA/MMP19
GO:0048008,platelet-derived growth factor receptor signaling pathway,Mar-97,47/18842,0.063829787,12.39877166,5.628347942,0.001819927,0.014499635,0.010564384,8013/7422/3554,3,NR4A3/VEGFA/IL1R1
GO:0002449,lymphocyte mediated immunity,Jul-97,339/18842,0.020648968,4.011008728,4.024258857,0.001846113,0.014654779,0.010677422,29126/259307/958/3586/941/3554/3456,7,CD274/IL4I1/CD40/IL10/CD80/IL1R1/IFNB1
GO:2001243,negative regulation of intrinsic apoptotic signaling pathway,Apr-97,102/18842,0.039215686,7.617545987,4.820669749,0.001907575,0.015087815,0.01099293,6714/57007/3586/6615,4,SRC/ACKR3/IL10/SNAI1
GO:0042698,ovulation cycle,Mar-97,48/18842,0.0625,12.14046392,5.559162938,0.001934059,0.015242059,0.011105312,3624/7130/4327,3,INHBA/TNFAIP6/MMP19
GO:0000101,sulfur amino acid transport,Feb-97,13/18842,0.153846154,29.88421887,7.494001837,0.001971746,0.015317873,0.01116055,124935/23657,2,SLC43A2/SLC7A11
GO:0010819,regulation of T cell chemotaxis,Feb-97,13/18842,0.153846154,29.88421887,7.494001837,0.001971746,0.015317873,0.01116055,3627/10563,2,CXCL10/CXCL13
GO:0035771,interleukin-4-mediated signaling pathway,Feb-97,13/18842,0.153846154,29.88421887,7.494001837,0.001971746,0.015317873,0.01116055,958/54625,2,CD40/PARP14
GO:0070230,positive regulation of lymphocyte apoptotic process,Feb-97,13/18842,0.153846154,29.88421887,7.494001837,0.001971746,0.015317873,0.01116055,29126/3586,2,CD274/IL10
GO:0045446,endothelial cell differentiation,Apr-97,104/18842,0.038461538,7.471054718,4.760200483,0.002047971,0.01572187,0.0114549,3084/654/4233/7422,4,NRG1/BMP6/MET/VEGFA
GO:1904892,regulation of receptor signaling pathway via STAT,Apr-97,104/18842,0.038461538,7.471054718,4.760200483,0.002047971,0.01572187,0.0114549,602/9021/3586/54625,4,BCL3/SOCS3/IL10/PARP14
GO:0002686,negative regulation of leukocyte migration,Mar-97,49/18842,0.06122449,11.89269935,5.492001149,0.002052557,0.01572187,0.0114549,6347/1843/7130,3,CCL2/DUSP1/TNFAIP6
GO:0070741,response to interleukin-6,Mar-97,49/18842,0.06122449,11.89269935,5.492001149,0.002052557,0.01572187,0.0114549,6714/6775/9021,3,SRC/STAT4/SOCS3
GO:0043270,positive regulation of monoatomic ion transport,May-97,174/18842,0.028735632,5.581822491,4.367763425,0.002060628,0.015728499,0.01145973,6373/3627/57214/6351/6347,5,CXCL11/CXCL10/CEMIP/CCL4/CCL2
GO:0031401,positive regulation of protein modification process,Jul-97,346/18842,0.020231214,3.929861152,3.956774498,0.002071757,0.015758344,0.011481476,330/57214/3084/3586/54625/7422/941,7,BIRC3/CEMIP/NRG1/IL10/PARP14/VEGFA/CD80
GO:0097553,calcium ion transmembrane import into cytosol,May-97,176/18842,0.028409091,5.51839269,4.332212939,0.002165769,0.016416228,0.011960807,6373/3627/3690/57214/1236,5,CXCL11/CXCL10/ITGB3/CEMIP/CCR7
GO:0043114,regulation of vascular permeability,Mar-97,50/18842,0.06,11.65484536,5.426761944,0.002175481,0.016432783,0.011972869,6714/654/7422,3,SRC/BMP6/VEGFA
GO:0043367,"CD4-positive, alpha-beta T cell differentiation",Apr-97,107/18842,0.037383178,7.261585895,4.672448273,0.002271726,0.016965761,0.012361195,6775/9021/3586/941,4,STAT4/SOCS3/IL10/CD80
GO:0050864,regulation of B cell activation,Apr-97,107/18842,0.037383178,7.261585895,4.672448273,0.002271726,0.016965761,0.012361195,3624/259307/3586/10148,4,INHBA/IL4I1/IL10/EBI3
GO:0045765,regulation of angiogenesis,Jul-97,352/18842,0.019886364,3.862874883,3.900321114,0.002281697,0.016965761,0.012361195,3627/3690/10563/958/3586/7422/3576,7,CXCL10/ITGB3/CXCL13/CD40/IL10/VEGFA/CXCL8
GO:0002544,chronic inflammatory response,Feb-97,14/18842,0.142857143,27.74963181,7.202360432,0.00229267,0.016965761,0.012361195,10563/7412,2,CXCL13/VCAM1
GO:0044342,type B pancreatic cell proliferation,Feb-97,14/18842,0.142857143,27.74963181,7.202360432,0.00229267,0.016965761,0.012361195,8013/3164,2,NR4A3/NR4A1
GO:1900748,positive regulation of vascular endothelial growth factor signaling pathway,Feb-97,14/18842,0.142857143,27.74963181,7.202360432,0.00229267,0.016965761,0.012361195,3690/7422,2,ITGB3/VEGFA
GO:0030225,macrophage differentiation,Mar-97,51/18842,0.058823529,11.42631898,5.363351604,0.002302885,0.016983779,0.012374323,3624/1440/7422,3,INHBA/CSF3/VEGFA
GO:0043534,blood vessel endothelial cell migration,May-97,179/18842,0.027932961,5.425905661,4.27989446,0.002330753,0.017131424,0.012481897,1960/54567/958/3164/7422,5,EGR3/DLL4/CD40/NR4A1/VEGFA
GO:0048598,embryonic morphogenesis,Jul-97,354/18842,0.019774011,3.841050731,3.881778704,0.002355215,0.017253133,0.012570573,3690/3624/54567/3586/1843/8013/6615,7,ITGB3/INHBA/DLL4/IL10/DUSP1/NR4A3/SNAI1
GO:0034341,response to type II interferon,Apr-97,109/18842,0.036697248,7.128345786,4.615810428,0.002429924,0.017740881,0.012925945,8942/958/6347/54625,4,KYNU/CD40/CCL2/PARP14
GO:0044403,biological process involved in symbiotic interaction,May-97,181/18842,0.027624309,5.365950903,4.245665728,0.002445711,0.017796621,0.012966557,6714/3690/941/3576/3434,5,SRC/ITGB3/CD80/CXCL8/IFIT1
GO:0001959,regulation of cytokine-mediated signaling pathway,May-97,184/18842,0.027173913,5.278462573,4.19526331,0.002625809,0.018932764,0.013794347,9636/3656/958/54625/3554,5,ISG15/IRAK2/CD40/PARP14/IL1R1
GO:0032695,negative regulation of interleukin-12 production,Feb-97,15/18842,0.133333333,25.89965636,6.939745455,0.002636537,0.018932764,0.013794347,1236/3586,2,CCR7/IL10
GO:0043650,dicarboxylic acid biosynthetic process,Feb-97,15/18842,0.133333333,25.89965636,6.939745455,0.002636537,0.018932764,0.013794347,8942/8564,2,KYNU/KMO
GO:2001028,positive regulation of endothelial cell chemotaxis,Feb-97,15/18842,0.133333333,25.89965636,6.939745455,0.002636537,0.018932764,0.013794347,4233/7422,2,MET/VEGFA
GO:1901342,regulation of vasculature development,Jul-97,362/18842,0.019337017,3.756165632,3.808936516,0.002667765,0.019094202,0.01391197,3627/3690/10563/958/3586/7422/3576,7,CXCL10/ITGB3/CXCL13/CD40/IL10/VEGFA/CXCL8
GO:0045766,positive regulation of angiogenesis,May-97,185/18842,0.027027027,5.249930343,4.178706704,0.002687926,0.019175631,0.013971299,3690/958/3586/7422/3576,5,ITGB3/CD40/IL10/VEGFA/CXCL8
GO:0050856,regulation of T cell receptor signaling pathway,Mar-97,54/18842,0.055555556,10.79152348,5.183248056,0.002712536,0.019288164,0.01405329,1236/29126/941,3,CCR7/CD274/CD80
GO:0097191,extrinsic apoptotic signaling pathway,May-97,186/18842,0.02688172,5.221704911,4.162269521,0.002751103,0.019498891,0.014206825,6714/330/467/3624/3084,5,SRC/BIRC3/ATF3/INHBA/NRG1
GO:0006898,receptor-mediated endocytosis,Jun-97,271/18842,0.022140221,4.300680945,3.937002277,0.002776482,0.019615084,0.014291483,3690/1236/3084/57007/7422/3576,6,ITGB3/CCR7/NRG1/ACKR3/VEGFA/CXCL8
GO:0030183,B cell differentiation,Apr-97,114/18842,0.035087719,6.815699041,4.480265684,0.002858276,0.019999705,0.014571716,3624/259307/3586/7412,4,INHBA/IL4I1/IL10/VCAM1
GO:0002548,monocyte chemotaxis,Mar-97,55/18842,0.054545455,10.59531396,5.126334444,0.00285841,0.019999705,0.014571716,3627/6347/1843,3,CXCL10/CCL2/DUSP1
GO:1904427,positive regulation of calcium ion transmembrane transport,Mar-97,55/18842,0.054545455,10.59531396,5.126334444,0.00285841,0.019999705,0.014571716,6373/3627/57214,3,CXCL11/CXCL10/CEMIP
GO:0051897,positive regulation of phosphatidylinositol 3-kinase/protein kinase B signal transduction,May-97,188/18842,0.026595745,5.166154859,4.129747195,0.002880678,0.02009112,0.014638321,6714/1236/1440/7422/3554,5,SRC/CCR7/CSF3/VEGFA/IL1R1
GO:0045637,regulation of myeloid cell differentiation,May-97,189/18842,0.026455026,5.138820706,4.113659014,0.002947097,0.020423849,0.014880746,9636/3624/1440/3665/7130,5,ISG15/INHBA/CSF3/IRF7/TNFAIP6
GO:1904018,positive regulation of vasculature development,May-97,189/18842,0.026455026,5.138820706,4.113659014,0.002947097,0.020423849,0.014880746,3690/958/3586/7422/3576,5,ITGB3/CD40/IL10/VEGFA/CXCL8
GO:0002285,lymphocyte activation involved in immune response,May-97,191/18842,0.02617801,5.085011065,4.081821222,0.003083249,0.021299786,0.015518951,6775/9021/3586/941/3456,5,STAT4/SOCS3/IL10/CD80/IFNB1
GO:0048010,vascular endothelial growth factor receptor signaling pathway,Mar-97,57/18842,0.052631579,10.22354856,5.016779191,0.003164448,0.021791764,0.015877404,6714/3690/7422,3,SRC/ITGB3/VEGFA
GO:0045619,regulation of lymphocyte differentiation,May-97,193/18842,0.025906736,5.03231665,4.050425314,0.00322389,0.022131295,0.016124786,3624/259307/3586/941/3456,5,INHBA/IL4I1/IL10/CD80/IFNB1
GO:0033623,regulation of integrin activation,Feb-97,17/18842,0.117647059,22.85263796,6.484193381,0.003392141,0.022925831,0.016703682,6714/10563,2,SRC/CXCL13
GO:0042537,benzene-containing compound metabolic process,Feb-97,17/18842,0.117647059,22.85263796,6.484193381,0.003392141,0.022925831,0.016703682,8942/8564,2,KYNU/KMO
GO:0043117,positive regulation of vascular permeability,Feb-97,17/18842,0.117647059,22.85263796,6.484193381,0.003392141,0.022925831,0.016703682,654/7422,2,BMP6/VEGFA
GO:0050862,positive regulation of T cell receptor signaling pathway,Feb-97,17/18842,0.117647059,22.85263796,6.484193381,0.003392141,0.022925831,0.016703682,1236/941,2,CCR7/CD80
GO:0140131,positive regulation of lymphocyte chemotaxis,Feb-97,17/18842,0.117647059,22.85263796,6.484193381,0.003392141,0.022925831,0.016703682,6351/10563,2,CCL4/CXCL13
GO:0050671,positive regulation of lymphocyte proliferation,Apr-97,120/18842,0.033333333,6.474914089,4.327996799,0.003437292,0.023159283,0.016873774,29126/7412/10148/941,4,CD274/VCAM1/EBI3/CD80
GO:1901654,response to ketone,May-97,197/18842,0.025380711,4.930137631,3.988915149,0.003518974,0.023636675,0.0172216,6714/3624/653361/1236/1843,5,SRC/INHBA/NCF1/CCR7/DUSP1
GO:0032946,positive regulation of mononuclear cell proliferation,Apr-97,121/18842,0.033057851,6.421402403,4.303630007,0.00354098,0.023711533,0.017276142,29126/7412/10148/941,4,CD274/VCAM1/EBI3/CD80
GO:0002040,sprouting angiogenesis,May-97,198/18842,0.025252525,4.905237946,3.973796914,0.003595681,0.024004191,0.017489372,1960/54567/3586/3164/7422,5,EGR3/DLL4/IL10/NR4A1/VEGFA
GO:0043269,regulation of monoatomic ion transport,Jul-97,383/18842,0.018276762,3.550213992,3.627162775,0.003640923,0.024065355,0.017533935,6373/3627/3690/57214/6351/6347/5142,7,CXCL11/CXCL10/ITGB3/CEMIP/CCL4/CCL2/PDE4B
GO:0051384,response to glucocorticoid,Apr-97,122/18842,0.032786885,6.368767957,4.279536614,0.003646777,0.024065355,0.017533935,374/654/3586/1843,4,AREG/BMP6/IL10/DUSP1
GO:0032613,interleukin-10 production,Mar-97,60/18842,0.05,9.712371134,4.862237786,0.003659962,0.024065355,0.017533935,9636/29126/10148,3,ISG15/CD274/EBI3
GO:0032653,regulation of interleukin-10 production,Mar-97,60/18842,0.05,9.712371134,4.862237786,0.003659962,0.024065355,0.017533935,9636/29126/10148,3,ISG15/CD274/EBI3
GO:0034113,heterotypic cell-cell adhesion,Mar-97,60/18842,0.05,9.712371134,4.862237786,0.003659962,0.024065355,0.017533935,3690/3586/7412,3,ITGB3/IL10/VCAM1
GO:0048259,regulation of receptor-mediated endocytosis,Apr-97,123/18842,0.032520325,6.316989355,4.255711158,0.003754701,0.024614154,0.017933788,3690/1236/3084/7422,4,ITGB3/CCR7/NRG1/VEGFA
GO:0003159,morphogenesis of an endothelium,Feb-97,18/18842,0.111111111,21.58304696,6.284707648,0.003803404,0.024710805,0.018004208,3627/54567,2,CXCL10/DLL4
GO:0035743,"CD4-positive, alpha-beta T cell cytokine production",Feb-97,18/18842,0.111111111,21.58304696,6.284707648,0.003803404,0.024710805,0.018004208,3554/3456,2,IL1R1/IFNB1
GO:0061154,endothelial tube morphogenesis,Feb-97,18/18842,0.111111111,21.58304696,6.284707648,0.003803404,0.024710805,0.018004208,3627/54567,2,CXCL10/DLL4
GO:2000351,regulation of endothelial cell apoptotic process,Mar-97,61/18842,0.049180328,9.553151935,4.813121971,0.003835043,0.024842428,0.018100108,3690/958/6347,3,ITGB3/CD40/CCL2
GO:0034762,regulation of transmembrane transport,Jul-97,388/18842,0.018041237,3.504463811,3.585753945,0.003908105,0.025207951,0.018366427,6373/3627/124935/3690/57214/5142/8013,7,CXCL11/CXCL10/SLC43A2/ITGB3/CEMIP/PDE4B/NR4A3
GO:0071356,cellular response to tumor necrosis factor,May-97,202/18842,0.024752475,4.808104522,3.914323456,0.003914565,0.025207951,0.018366427,330/958/6347/7412/3576,5,BIRC3/CD40/CCL2/VCAM1/CXCL8
GO:0046632,alpha-beta T cell differentiation,Apr-97,125/18842,0.032,6.215917526,4.208842959,0.003977017,0.025534786,0.018604557,6775/9021/3586/941,4,STAT4/SOCS3/IL10/CD80
GO:0007589,body fluid secretion,Mar-97,62/18842,0.048387097,9.399068839,4.765125148,0.004015152,0.025704037,0.018727873,6714/4939/7422,3,SRC/OAS2/VEGFA
GO:0097193,intrinsic apoptotic signaling pathway,Jun-97,294/18842,0.020408163,3.964233116,3.684958456,0.004138326,0.026415105,0.019245955,6714/330/602/57007/3586/6615,6,SRC/BIRC3/BCL3/ACKR3/IL10/SNAI1
GO:0050728,negative regulation of inflammatory response,May-97,205/18842,0.024390244,4.737742017,3.870734381,0.004166679,0.026518543,0.019321319,6714/3586/7130/8013/3554,5,SRC/IL10/TNFAIP6/NR4A3/IL1R1
GO:2001236,regulation of extrinsic apoptotic signaling pathway,Apr-97,127/18842,0.031496063,6.118029061,4.162984672,0.004208086,0.026704221,0.019456604,6714/467/3624/3084,4,SRC/ATF3/INHBA/NRG1
GO:0002262,myeloid cell homeostasis,Apr-97,128/18842,0.03125,6.070231959,4.140422121,0.004326954,0.027378955,0.019948213,9636/3624/5142/7422,4,ISG15/INHBA/PDE4B/VEGFA
GO:0014823,response to activity,Mar-97,64/18842,0.046875,9.105347938,4.672314862,0.004390629,0.027701568,0.020183267,3690/654/3586,3,ITGB3/BMP6/IL10
GO:0030100,regulation of endocytosis,Jun-97,300/18842,0.02,3.884948454,3.623393629,0.004563233,0.028594495,0.020833851,6714/3690/1236/3084/6347/7422,6,SRC/ITGB3/CCR7/NRG1/CCL2/VEGFA
GO:0002064,epithelial cell development,Apr-97,130/18842,0.030769231,5.976843775,4.096007089,0.004571451,0.028594495,0.020833851,6714/654/4233/7422,4,SRC/BMP6/MET/VEGFA
GO:0006195,purine nucleotide catabolic process,Apr-97,130/18842,0.030769231,5.976843775,4.096007089,0.004571451,0.028594495,0.020833851,6714/5142/272/54625,4,SRC/PDE4B/AMPD3/PARP14
GO:0060760,positive regulation of response to cytokine stimulus,Mar-97,65/18842,0.046153846,8.965265662,4.627420433,0.004586079,0.028604032,0.0208408,64135/958/54625,3,IFIH1/CD40/PARP14
GO:0002840,regulation of T cell mediated immune response to tumor cell,Feb-97,20/18842,0.1,19.42474227,5.93032718,0.00469168,0.028935018,0.021081955,29126/259307,2,CD274/IL4I1
GO:0032261,purine nucleotide salvage,Feb-97,20/18842,0.1,19.42474227,5.93032718,0.00469168,0.028935018,0.021081955,10135/272,2,NAMPT/AMPD3
GO:2000047,regulation of cell-cell adhesion mediated by cadherin,Feb-97,20/18842,0.1,19.42474227,5.93032718,0.00469168,0.028935018,0.021081955,654/7422,2,BMP6/VEGFA
GO:0002832,negative regulation of response to biotic stimulus,Apr-97,131/18842,0.030534351,5.931219013,4.074145731,0.004697121,0.028935018,0.021081955,9636/29126/259307/54625,4,ISG15/CD274/IL4I1/PARP14
GO:0033002,muscle cell proliferation,May-97,211/18842,0.023696682,4.603019495,3.786037195,0.00470542,0.028935018,0.021081955,3690/3084/3486/3586/8013,5,ITGB3/NRG1/IGFBP3/IL10/NR4A3
GO:0043254,regulation of protein-containing complex assembly,Jul-97,404/18842,0.017326733,3.365673165,3.457670784,0.004864226,0.029827541,0.021732244,6714/9636/1236/1440/10563/3084/7422,7,SRC/ISG15/CCR7/CSF3/CXCL13/NRG1/VEGFA
GO:0010595,positive regulation of endothelial cell migration,Apr-97,133/18842,0.030075188,5.84202775,4.03109401,0.004955398,0.030301493,0.022077564,3690/958/4233/7422,4,ITGB3/CD40/MET/VEGFA
GO:0044409,symbiont entry into host,Apr-97,134/18842,0.029850746,5.798430528,4.009895451,0.005088043,0.031025692,0.022605213,6714/3690/941/3576,4,SRC/ITGB3/CD80/CXCL8
GO:0048729,tissue morphogenesis,Jul-97,408/18842,0.017156863,3.33267637,3.426651198,0.005128699,0.031166426,0.022707751,3627/3690/3084/54567/6615/4233/7422,7,CXCL10/ITGB3/NRG1/DLL4/SNAI1/MET/VEGFA
GO:0002755,MyD88-dependent toll-like receptor signaling pathway,Feb-97,21/18842,0.095238095,18.49975454,5.771854527,0.00516823,0.031166426,0.022707751,3656/3665,2,IRAK2/IRF7
GO:0033630,positive regulation of cell adhesion mediated by integrin,Feb-97,21/18842,0.095238095,18.49975454,5.771854527,0.00516823,0.031166426,0.022707751,3690/10563,2,ITGB3/CXCL13
GO:0039535,regulation of RIG-I signaling pathway,Feb-97,21/18842,0.095238095,18.49975454,5.771854527,0.00516823,0.031166426,0.022707751,330/8638,2,BIRC3/OASL
GO:0035051,cardiocyte differentiation,Apr-97,135/18842,0.02962963,5.755479191,3.988909804,0.005223051,0.031410251,0.022885401,3624/3084/7412/7422,4,INHBA/NRG1/VCAM1/VEGFA
GO:0001649,osteoblast differentiation,May-97,217/18842,0.023041475,4.475747066,3.704460861,0.005292031,0.031737645,0.023123939,374/654/3486/7130/6615,5,AREG/BMP6/IGFBP3/TNFAIP6/SNAI1
GO:0019722,calcium-mediated signaling,May-97,219/18842,0.02283105,4.434872664,3.677926085,0.005498587,0.032796217,0.023895211,1236/6351/6364/57007/3576,5,CCR7/CCL4/CCL20/ACKR3/CXCL8
GO:0034612,response to tumor necrosis factor,May-97,219/18842,0.02283105,4.434872664,3.677926085,0.005498587,0.032796217,0.023895211,330/958/6347/7412/3576,5,BIRC3/CD40/CCL2/VCAM1/CXCL8
GO:0070665,positive regulation of leukocyte proliferation,Apr-97,138/18842,0.028985507,5.630360078,3.92719242,0.005642443,0.033506997,0.024413083,29126/7412/10148/941,4,CD274/VCAM1/EBI3/CD80
GO:0001569,branching involved in blood vessel morphogenesis,Feb-97,22/18842,0.090909091,17.65885661,5.623955043,0.005666082,0.033506997,0.024413083,54567/7422,2,DLL4/VEGFA
GO:0050927,positive regulation of positive chemotaxis,Feb-97,22/18842,0.090909091,17.65885661,5.623955043,0.005666082,0.033506997,0.024413083,7422/3576,2,VEGFA/CXCL8
GO:0070588,calcium ion transmembrane transport,Jun-97,314/18842,0.01910828,3.711734191,3.485722338,0.005679152,0.033506997,0.024413083,6373/3627/3690/57214/1236/5142,6,CXCL11/CXCL10/ITGB3/CEMIP/CCR7/PDE4B
GO:0002274,myeloid leukocyte activation,May-97,222/18842,0.022522523,4.374941952,3.638715292,0.005819031,0.034239745,0.024946961,6714/3586/8013/3576/3554,5,SRC/IL10/NR4A3/CXCL8/IL1R1
GO:0006163,purine nucleotide metabolic process,Jul-97,422/18842,0.016587678,3.222113646,3.321029998,0.006140415,0.036033674,0.026254012,6714/10135/8942/5142/272/54625/8564,7,SRC/NAMPT/KYNU/PDE4B/AMPD3/PARP14/KMO
GO:0002424,T cell mediated immune response to tumor cell,Feb-97,23/18842,0.086956522,16.89108023,5.485474327,0.006185008,0.036101264,0.026303257,29126/259307,2,CD274/IL4I1
GO:0050926,regulation of positive chemotaxis,Feb-97,23/18842,0.086956522,16.89108023,5.485474327,0.006185008,0.036101264,0.026303257,7422/3576,2,VEGFA/CXCL8
GO:0050854,regulation of antigen receptor-mediated signaling pathway,Mar-97,74/18842,0.040540541,7.874895514,4.262536237,0.006583396,0.038031611,0.027709701,1236/29126/941,3,CCR7/CD274/CD80
GO:0071260,cellular response to mechanical stimulus,Mar-97,74/18842,0.040540541,7.874895514,4.262536237,0.006583396,0.038031611,0.027709701,3690/654/958,3,ITGB3/BMP6/CD40
GO:0007160,cell-matrix adhesion,May-97,229/18842,0.021834061,4.241210102,3.549865152,0.006617652,0.038031611,0.027709701,6714/3690/1236/7412/7422,5,SRC/ITGB3/CCR7/VCAM1/VEGFA
GO:0071375,cellular response to peptide hormone stimulus,Jun-97,325/18842,0.018461538,3.586106265,3.382967715,0.006687019,0.038031611,0.027709701,6714/3690/4929/3624/8013/3164,6,SRC/ITGB3/NR4A2/INHBA/NR4A3/NR4A1
GO:0050852,T cell receptor signaling pathway,Apr-97,145/18842,0.027586207,5.358549591,3.789964555,0.00670717,0.038031611,0.027709701,1236/29126/5142/941,4,CCR7/CD274/PDE4B/CD80
GO:0035022,positive regulation of Rac protein signal transduction,Feb-97,24/18842,0.083333333,16.18728522,5.355427663,0.006724783,0.038031611,0.027709701,6714/1236,2,SRC/CCR7
GO:0035929,steroid hormone secretion,Feb-97,24/18842,0.083333333,16.18728522,5.355427663,0.006724783,0.038031611,0.027709701,3624/654,2,INHBA/BMP6
GO:0043101,purine-containing compound salvage,Feb-97,24/18842,0.083333333,16.18728522,5.355427663,0.006724783,0.038031611,0.027709701,10135/272,2,NAMPT/AMPD3
GO:0050857,positive regulation of antigen receptor-mediated signaling pathway,Feb-97,24/18842,0.083333333,16.18728522,5.355427663,0.006724783,0.038031611,0.027709701,1236/941,2,CCR7/CD80
GO:0061384,heart trabecula morphogenesis,Feb-97,24/18842,0.083333333,16.18728522,5.355427663,0.006724783,0.038031611,0.027709701,3084/54567,2,NRG1/DLL4
GO:0090023,positive regulation of neutrophil chemotaxis,Feb-97,24/18842,0.083333333,16.18728522,5.355427663,0.006724783,0.038031611,0.027709701,1236/3576,2,CCR7/CXCL8
GO:2000108,positive regulation of leukocyte apoptotic process,Feb-97,24/18842,0.083333333,16.18728522,5.355427663,0.006724783,0.038031611,0.027709701,29126/3586,2,CD274/IL10
GO:0071496,cellular response to external stimulus,Mar-97,75/18842,0.04,7.769896907,4.225814018,0.006832437,0.038540593,0.028080544,3690/654/958,3,ITGB3/BMP6/CD40
GO:0002700,regulation of production of molecular mediator of immune response,Apr-97,147/18842,0.027210884,5.285644155,3.752383003,0.007034173,0.039576286,0.028835146,3586/8013/3554/3456,4,IL10/NR4A3/IL1R1/IFNB1
GO:0002090,regulation of receptor internalization,Mar-97,76/18842,0.039473684,7.667661422,4.189764361,0.007087019,0.039771111,0.028977095,3690/3084/7422,3,ITGB3/NRG1/VEGFA
GO:0072523,purine-containing compound catabolic process,Apr-97,148/18842,0.027027027,5.249930343,3.733848306,0.00720156,0.040310269,0.029369924,6714/5142/272/54625,4,SRC/PDE4B/AMPD3/PARP14
GO:0032727,positive regulation of interferon-alpha production,Feb-97,25/18842,0.08,15.53979381,5.232969209,0.007285183,0.040364354,0.02940933,3665/64135,2,IRF7/IFIH1
GO:0050869,negative regulation of B cell activation,Feb-97,25/18842,0.08,15.53979381,5.232969209,0.007285183,0.040364354,0.02940933,3624/3586,2,INHBA/IL10
GO:0097396,response to interleukin-17,Feb-97,25/18842,0.08,15.53979381,5.232969209,0.007285183,0.040364354,0.02940933,3627/9021,2,CXCL10/SOCS3
GO:0097398,cellular response to interleukin-17,Feb-97,25/18842,0.08,15.53979381,5.232969209,0.007285183,0.040364354,0.02940933,3627/9021,2,CXCL10/SOCS3
GO:0048754,branching morphogenesis of an epithelial tube,Mar-97,77/18842,0.038961039,7.568081403,4.154365705,0.007347172,0.04060475,0.029584481,54567/4233/7422,3,DLL4/MET/VEGFA
GO:0007584,response to nutrient,Apr-97,149/18842,0.026845638,5.214695911,3.715480588,0.00737156,0.040636655,0.029607728,3627/8942/958/7412,4,CXCL10/KYNU/CD40/VCAM1
GO:0007507,heart development,Jul-97,438/18842,0.015981735,3.104410865,3.205579838,0.007471965,0.041086394,0.029935406,3624/3084/54567/654/7412/6615/7422,7,INHBA/NRG1/DLL4/BMP6/VCAM1/SNAI1/VEGFA
GO:0002719,negative regulation of cytokine production involved in immune response,Feb-97,26/18842,0.076923077,14.94210944,5.11736776,0.007865986,0.042821567,0.031199647,3586/3456,2,IL10/IFNB1
GO:0033622,integrin activation,Feb-97,26/18842,0.076923077,14.94210944,5.11736776,0.007865986,0.042821567,0.031199647,6714/10563,2,SRC/CXCL13
GO:0071353,cellular response to interleukin-4,Feb-97,26/18842,0.076923077,14.94210944,5.11736776,0.007865986,0.042821567,0.031199647,958/54625,2,CD40/PARP14
GO:0071624,positive regulation of granulocyte chemotaxis,Feb-97,26/18842,0.076923077,14.94210944,5.11736776,0.007865986,0.042821567,0.031199647,1236/3576,2,CCR7/CXCL8
GO:0009166,nucleotide catabolic process,Apr-97,153/18842,0.026143791,5.078363992,3.643625951,0.008078027,0.043866499,0.031960981,6714/5142/272/54625,4,SRC/PDE4B/AMPD3/PARP14
GO:0014910,regulation of smooth muscle cell migration,Mar-97,80/18842,0.0375,7.284278351,4.051874266,0.008161337,0.044099504,0.032130748,3690/3486/8013,3,ITGB3/IGFBP3/NR4A3
GO:0033627,cell adhesion mediated by integrin,Mar-97,80/18842,0.0375,7.284278351,4.051874266,0.008161337,0.044099504,0.032130748,3690/10563/7412,3,ITGB3/CXCL13/VCAM1
GO:0051591,response to cAMP,Mar-97,81/18842,0.037037037,7.194348988,4.018882482,0.008444051,0.045191686,0.032926507,374/1843/4327,3,AREG/DUSP1/MMP19
GO:0061138,morphogenesis of a branching epithelium,Mar-97,81/18842,0.037037037,7.194348988,4.018882482,0.008444051,0.045191686,0.032926507,54567/4233/7422,3,DLL4/MET/VEGFA
GO:0039529,RIG-I signaling pathway,Feb-97,27/18842,0.074074074,14.38869798,5.007987487,0.008466972,0.045191686,0.032926507,330/8638,2,BIRC3/OASL
GO:0060055,angiogenesis involved in wound healing,Feb-97,27/18842,0.074074074,14.38869798,5.007987487,0.008466972,0.045191686,0.032926507,3690/7422,2,ITGB3/VEGFA
GO:2000353,positive regulation of endothelial cell apoptotic process,Feb-97,27/18842,0.074074074,14.38869798,5.007987487,0.008466972,0.045191686,0.032926507,958/6347,2,CD40/CCL2
GO:0098586,cellular response to virus,Mar-97,82/18842,0.036585366,7.106613025,3.986447311,0.008732469,0.046495074,0.033876151,3627/64135/3456,3,CXCL10/IFIH1/IFNB1
GO:0043173,nucleotide salvage,Feb-97,28/18842,0.071428571,13.87481591,4.9042725,0.009087921,0.047689739,0.03474658,10135/272,2,NAMPT/AMPD3
GO:0061383,trabecula morphogenesis,Feb-97,28/18842,0.071428571,13.87481591,4.9042725,0.009087921,0.047689739,0.03474658,3084/54567,2,NRG1/DLL4
GO:0070102,interleukin-6-mediated signaling pathway,Feb-97,28/18842,0.071428571,13.87481591,4.9042725,0.009087921,0.047689739,0.03474658,6714/9021,2,SRC/SOCS3
GO:0070670,response to interleukin-4,Feb-97,28/18842,0.071428571,13.87481591,4.9042725,0.009087921,0.047689739,0.03474658,958/54625,2,CD40/PARP14
GO:0099149,regulation of postsynaptic neurotransmitter receptor internalization,Feb-97,28/18842,0.071428571,13.87481591,4.9042725,0.009087921,0.047689739,0.03474658,3690/3084,2,ITGB3/NRG1
GO:1902230,negative regulation of intrinsic apoptotic signaling pathway in response to DNA damage,Feb-97,28/18842,0.071428571,13.87481591,4.9042725,0.009087921,0.047689739,0.03474658,57007/6615,2,ACKR3/SNAI1
GO:0007498,mesoderm development,Mar-97,84/18842,0.035714286,6.937407953,3.923181374,0.009326517,0.048824427,0.03557331,3690/6615/7422,3,ITGB3/SNAI1/VEGFA
GO:0048660,regulation of smooth muscle cell proliferation,Apr-97,160/18842,0.025,4.856185567,3.523719679,0.009418727,0.049189189,0.035839074,3690/3486/3586/8013,4,ITGB3/IGFBP3/IL10/NR4A3
