"","category","subcategory","ID","Description","GeneRatio","BgRatio","RichFactor","FoldEnrichment","zScore","pvalue","p.adjust","qvalue","geneID","Count","gene_symbols"
"hsa04060","Environmental Information Processing","Signaling molecules and interaction","hsa04060","Cytokine-cytokine receptor interaction","24/67","298/9422",0.0805369127516778,11.3256536111389,15.3284080486482,1.14442417043825e-19,1.92263260633626e-17,1.36126243431076e-17,"6373/3627/2919/9235/3624/1236/6351/1440/10563/6364/654/9560/958/6355/57007/6347/3586/6349/2921/10148/3576/2920/3554/3456",24,"CXCL11/CXCL10/CXCL1/IL32/INHBA/CCR7/CCL4/CSF3/CXCL13/CCL20/BMP6/CCL4L2/CD40/CCL8/ACKR3/CCL2/IL10/CCL3L1/CXCL3/EBI3/CXCL8/CXCL2/IL1R1/IFNB1"
"hsa04061","Environmental Information Processing","Signaling molecules and interaction","hsa04061","Viral protein interaction with cytokine and cytokine receptor","16/67","100/9422",0.16,22.5002985074627,18.2916948499664,5.39839781839594e-18,4.53465416745259e-16,3.21062607094074e-16,"6373/3627/2919/1236/6351/10563/6364/9560/6355/57007/6347/3586/6349/2921/3576/2920",16,"CXCL11/CXCL10/CXCL1/CCR7/CCL4/CXCL13/CCL20/CCL4L2/CCL8/ACKR3/CCL2/IL10/CCL3L1/CXCL3/CXCL8/CXCL2"
"hsa04062","Organismal Systems","Immune system","hsa04062","Chemokine signaling pathway","16/67","193/9422",0.0829015544041451,11.658185755162,12.6604348835246,2.31812454859673e-13,1.29814974721417e-11,9.19116049092738e-12,"6714/6373/3627/2919/653361/1236/6351/10563/6364/9560/6355/6347/6349/2921/3576/2920",16,"SRC/CXCL11/CXCL10/CXCL1/NCF1/CCR7/CCL4/CXCL13/CCL20/CCL4L2/CCL8/CCL2/CCL3L1/CXCL3/CXCL8/CXCL2"
"hsa04668","Environmental Information Processing","Signal transduction","hsa04668","TNF signaling pathway","11/67","119/9422",0.092436974789916,12.9991220368745,11.1474478134948,5.78964229065411e-10,2.43164976207473e-08,1.72165678643136e-08,"330/3627/2919/602/6364/9021/6347/2921/7412/2920/3456",11,"BIRC3/CXCL10/CXCL1/BCL3/CCL20/SOCS3/CCL2/CXCL3/VCAM1/CXCL2/IFNB1"
"hsa04064","Environmental Information Processing","Signal transduction","hsa04064","NF-kappa B signaling pathway","10/67","105/9422",0.0952380952380952,13.3930348258706,10.8068289924803,2.796798846562e-09,9.39724412444833e-08,6.65343725603171e-08,"330/2919/6351/9560/958/2921/7412/3576/2920/3554",10,"BIRC3/CXCL1/CCL4/CCL4L2/CD40/CXCL3/VCAM1/CXCL8/CXCL2/IL1R1"
"hsa04620","Organismal Systems","Immune system","hsa04620","Toll-like receptor signaling pathway","10/67","109/9422",0.0917431192660551,12.9015473093249,10.5763516501114,4.04259990557078e-09,1.13192797355982e-07,8.01427700578066e-08,"6373/3627/6351/3665/9560/958/6349/941/3576/3456",10,"CXCL11/CXCL10/CCL4/IRF7/CCL4L2/CD40/CCL3L1/CD80/CXCL8/IFNB1"
"hsa05323","Human Diseases","Immune disease","hsa05323","Rheumatoid arthritis","9/67","95/9422",0.0947368421052632,13.3225451688924,10.2153967908515,1.93707065827269e-08,4.64896957985445e-07,3.2915636749596e-07,"2919/6364/6347/6349/2921/7422/941/3576/2920",9,"CXCL1/CCL20/CCL2/CCL3L1/CXCL3/VEGFA/CD80/CXCL8/CXCL2"
"hsa05417","Human Diseases","Cardiovascular disease","hsa05417","Lipid and atherosclerosis","12/67","216/9422",0.0555555555555556,7.81260364842454,8.57173074252917,3.06991284405122e-08,6.44681697250756e-07,4.56447567602352e-07,"6714/2919/653361/3665/958/6347/6349/2921/7412/3576/2920/3456",12,"SRC/CXCL1/NCF1/IRF7/CD40/CCL2/CCL3L1/CXCL3/VCAM1/CXCL8/CXCL2/IFNB1"
"hsa05144","Human Diseases","Infectious disease: parasitic","hsa05144","Malaria","7/67","50/9422",0.14,19.6877611940299,11.2121821679419,5.23365129041935e-08,9.76948240878278e-07,6.91698942476475e-07,"1440/958/6347/3586/7412/4233/3576",7,"CSF3/CD40/CCL2/IL10/VCAM1/MET/CXCL8"
"hsa04657","Organismal Systems","Immune system","hsa04657","IL-17 signaling pathway","8/67","94/9422",0.0851063829787234,11.9682438869482,9.0442126317384,2.92259269181154e-07,4.90995572224339e-06,3.47634709657583e-06,"3627/2919/1440/6364/6347/2921/3576/2920",8,"CXCL10/CXCL1/CSF3/CCL20/CCL2/CXCL3/CXCL8/CXCL2"
"hsa04621","Organismal Systems","Immune system","hsa04621","NOD-like receptor signaling pathway","10/67","187/9422",0.053475935828877,7.52015324447282,7.62121412802146,6.93386634376772e-07,1.05899049613907e-05,7.49786504158615e-06,"330/10135/2919/3665/6347/2921/4939/3576/2920/3456",10,"BIRC3/NAMPT/CXCL1/IRF7/CCL2/CXCL3/OAS2/CXCL8/CXCL2/IFNB1"
"hsa05164","Human Diseases","Infectious disease: viral","hsa05164","Influenza A","9/67","173/9422",0.0520231213872832,7.31584850314899,7.09530997404863,3.30097570315536e-06,4.6213659844175e-05,3.27201977593469e-05,"3627/3665/64135/9021/6347/4600/4939/3576/3456",9,"CXCL10/IRF7/IFIH1/SOCS3/CCL2/MX2/OAS2/CXCL8/IFNB1"
"hsa05163","Human Diseases","Infectious disease: viral","hsa05163","Human cytomegalovirus infection","10/67","227/9422",0.0440528634361234,6.1950161088829,6.70483303915482,4.02750504495977e-06,5.20477575040954e-05,3.68508558769598e-05,"6714/3690/6351/9560/6347/6349/7422/3576/3554/3456",10,"SRC/ITGB3/CCL4/CCL4L2/CCL2/CCL3L1/VEGFA/CXCL8/IL1R1/IFNB1"
"hsa05168","Human Diseases","Infectious disease: viral","hsa05168","Herpes simplex virus 1 infection","9/67","180/9422",0.05,7.03134328358209,6.91403104939005,4.57411491193244e-06,5.48893789431893e-05,3.88627808307042e-05,"6714/330/3690/3665/64135/9021/6347/4939/3456",9,"SRC/BIRC3/ITGB3/IRF7/IFIH1/SOCS3/CCL2/OAS2/IFNB1"
"hsa05418","Human Diseases","Cardiovascular disease","hsa05418","Fluid shear stress and atherosclerosis","8/67","142/9422",0.0563380281690141,7.92264031952911,7.03405822521408,6.73122634062596e-06,7.53897350150108e-05,5.3377443964262e-05,"6714/3690/653361/6347/7412/1843/7422/3554",8,"SRC/ITGB3/NCF1/CCL2/VCAM1/DUSP1/VEGFA/IL1R1"
"hsa05120","Human Diseases","Infectious disease: bacterial","hsa05120","Epithelial cell signaling in Helicobacter pylori infection","6/67","71/9422",0.0845070422535211,11.8839604792937,7.79024487562405,1.02618221110679e-05,0.000107749132166213,7.62885459572809e-05,"6714/2919/2921/4233/3576/2920",6,"SRC/CXCL1/CXCL3/MET/CXCL8/CXCL2"
"hsa04622","Organismal Systems","Immune system","hsa04622","RIG-I-like receptor signaling pathway","6/67","72/9422",0.0833333333333333,11.7189054726368,7.72635913588975,1.11326686805642e-05,0.000110016961078517,7.7894214297446e-05,"3627/9636/3665/64135/3576/3456",6,"CXCL10/ISG15/IRF7/IFIH1/CXCL8/IFNB1"
"hsa05171","Human Diseases","Infectious disease: viral","hsa05171","Coronavirus disease","9/67","239/9422",0.0376569037656904,5.29557234746768,5.69235141995626,4.43644888234667e-05,0.000414068562352355,0.000293168844272031,"3627/9636/1440/64135/6347/4600/4939/3576/3456",9,"CXCL10/ISG15/CSF3/IFIH1/CCL2/MX2/OAS2/CXCL8/IFNB1"
"hsa05167","Human Diseases","Infectious disease: viral","hsa05167","Kaposi sarcoma-associated herpesvirus infection","8/67","196/9422",0.0408163265306122,5.73987206823028,5.67481800324259,6.93058060294594e-05,0.000612809232260483,0.000433881223342322,"6714/2919/3665/2921/7422/3576/2920/3456",8,"SRC/CXCL1/IRF7/CXCL3/VEGFA/CXCL8/CXCL2/IFNB1"
"hsa05146","Human Diseases","Infectious disease: parasitic","hsa05146","Amoebiasis","6/67","103/9422",0.058252427184466,8.191856252717,6.21067726850134,8.57659112790061e-05,0.000720433654743651,0.000510081472343563,"2919/3586/2921/3576/2920/3554",6,"CXCL1/IL10/CXCL3/CXCL8/CXCL2/IL1R1"
"hsa05160","Human Diseases","Infectious disease: viral","hsa05160","Hepatitis C","7/67","156/9422",0.0448717948717949,6.31017986988136,5.65964760107705,0.000112735131129123,0.000901881049032984,0.000638549865543403,"3627/3665/9021/4600/4939/3434/3456",7,"CXCL10/IRF7/SOCS3/MX2/OAS2/IFIT1/IFNB1"
"hsa05161","Human Diseases","Infectious disease: viral","hsa05161","Hepatitis B","7/67","163/9422",0.0429447852760736,6.0391905503159,5.49207612639289,0.000148283245143154,0.00113234478109317,0.000801722808668725,"6714/1960/3665/64135/6775/3576/3456",7,"SRC/EGR3/IRF7/IFIH1/STAT4/CXCL8/IFNB1"
"hsa04623","Organismal Systems","Immune system","hsa04623","Cytosolic DNA-sensing pathway","5/67","83/9422",0.0602409638554217,8.47149793202661,5.78576175520514,0.000295710313969126,0.00215997098899187,0.00152930276789525,"3627/6351/3665/9560/3456",5,"CXCL10/CCL4/IRF7/CCL4L2/IFNB1"
"hsa05202","Human Diseases","Cancer: overview","hsa05202","Transcriptional misregulation in cancer","7/67","201/9422",0.0348258706467662,4.89745303334076,4.72665512231365,0.0005330853737011,0.0037315976159077,0.00264204593106247,"330/51513/958/3486/8013/4233/3576",7,"BIRC3/ETV7/CD40/IGFBP3/NR4A3/MET/CXCL8"
"hsa05134","Human Diseases","Infectious disease: bacterial","hsa05134","Legionellosis","4/67","56/9422",0.0714285714285714,10.044776119403,5.74485095215508,0.000649659905387289,0.00436571456420259,0.00309101344457952,"2919/2921/3576/2920",4,"CXCL1/CXCL3/CXCL8/CXCL2"
"hsa05142","Human Diseases","Infectious disease: parasitic","hsa05142","Chagas disease","5/67","103/9422",0.0485436893203883,6.82654687726416,5.03163591886463,0.000799288404162207,0.0051646327653558,0.00365666354940605,"6347/3586/6349/3576/3456",5,"CCL2/IL10/CCL3L1/CXCL8/IFNB1"
"hsa01521","Human Diseases","Drug resistance: antineoplastic","hsa01521","EGFR tyrosine kinase inhibitor resistance","4/67","80/9422",0.05,7.03134328358209,4.58461759786343,0.00246242553014036,0.0153217588542067,0.0108481124719634,"6714/3084/4233/7422",4,"SRC/NRG1/MET/VEGFA"
"hsa05330","Human Diseases","Immune disease","hsa05330","Allograft rejection","3/67","39/9422",0.0769230769230769,10.8174512055109,5.19905251373897,0.00261594635897491,0.0156956781538495,0.0111128548332393,"958/3586/941",3,"CD40/IL10/CD80"
"hsa05162","Human Diseases","Infectious disease: viral","hsa05162","Measles","5/67","136/9422",0.0367647058823529,5.17010535557506,4.14539719489422,0.00274531129873692,0.0159038723513036,0.0112602604993565,"3665/64135/4600/4939/3456",5,"IRF7/IFIH1/MX2/OAS2/IFNB1"
"hsa05135","Human Diseases","Infectious disease: bacterial","hsa05135","Yersinia infection","5/67","138/9422",0.036231884057971,5.09517629245079,4.10117769761723,0.00292441634441203,0.0163445043490735,0.0115722367885044,"6714/6347/3586/3576/3456",5,"SRC/CCL2/IL10/CXCL8/IFNB1"
"hsa05219","Human Diseases","Cancer: specific types","hsa05219","Bladder cancer","3/67","41/9422",0.0731707317073171,10.2897706589006,5.0447117974322,0.00302059730064366,0.0163445043490735,0.0115722367885044,"6714/7422/3576",3,"SRC/VEGFA/CXCL8"
"hsa00380","Metabolism","Amino acid metabolism","hsa00380","Tryptophan metabolism","3/67","42/9422",0.0714285714285714,10.044776119403,4.9714726530848,0.00323654141010501,0.0163445043490735,0.0115722367885044,"8942/259307/8564",3,"KYNU/IL4I1/KMO"
"hsa05169","Human Diseases","Infectious disease: viral","hsa05169","Epstein-Barr virus infection","6/67","205/9422",0.0292682926829268,4.11590826356025,3.81707600028368,0.00326457516575513,0.0163445043490735,0.0115722367885044,"3627/9636/3665/958/4939/3456",6,"CXCL10/ISG15/IRF7/CD40/OAS2/IFNB1"
"hsa04380","Organismal Systems","Development and regeneration","hsa04380","Osteoclast differentiation","5/67","142/9422",0.0352112676056338,4.9516501997057,4.01525087357123,0.00330781635636011,0.0163445043490735,0.0115722367885044,"3690/653361/9021/3554/3456",5,"ITGB3/NCF1/SOCS3/IL1R1/IFNB1"
"hsa04936","Human Diseases","Endocrine and metabolic disease","hsa04936","Alcoholic liver disease","5/67","144/9422",0.0347222222222222,4.88287728026534,3.97348642848883,0.00351254953563733,0.0168602377710592,0.01193738639179,"2919/2921/3576/2920/3456",5,"CXCL1/CXCL3/CXCL8/CXCL2/IFNB1"
"hsa04518","Environmental Information Processing","Signaling molecules and interaction","hsa04518","Integrin signaling","5/67","154/9422",0.0324675324675325,4.56580732700136,3.77562826138892,0.00467529775023958,0.0218180561677847,0.0154476212215518,"6714/3690/7412/4233/7422",5,"SRC/ITGB3/VCAM1/MET/VEGFA"
"hsa04672","Organismal Systems","Immune system","hsa04672","Intestinal immune network for IgA production","3/67","50/9422",0.06,8.43761194029851,4.46237829685707,0.00530697250582929,0.0240965238102519,0.0170608219959804,"958/3586/941",3,"CD40/IL10/CD80"
"hsa04933","Human Diseases","Endocrine and metabolic disease","hsa04933","AGE-RAGE signaling pathway in diabetic complications","4/67","101/9422",0.0396039603960396,5.56938081867888,3.90706642212571,0.00568778604693424,0.0251460014706567,0.0178038732217055,"6347/7412/7422/3576",4,"CCL2/VCAM1/VEGFA/CXCL8"
"hsa04625","Organismal Systems","Immune system","hsa04625","C-type lectin receptor signaling pathway","4/67","105/9422",0.0380952380952381,5.35721393034826,3.79952662850832,0.0065198907296824,0.0275848345727473,0.019530615956895,"6714/1960/602/3586",4,"SRC/EGR3/BCL3/IL10"
"hsa05320","Human Diseases","Immune disease","hsa05320","Autoimmune thyroid disease","3/67","54/9422",0.0555555555555556,7.81260364842454,4.24864621621074,0.00658192891640876,0.0275848345727473,0.019530615956895,"958/3586/941",3,"CD40/IL10/CD80"
"hsa04630","Environmental Information Processing","Signal transduction","hsa04630","JAK-STAT signaling pathway","5/67","168/9422",0.0297619047619048,4.18532338308458,3.52539212726432,0.00673201319930142,0.0275848345727473,0.019530615956895,"1440/6775/9021/3586/3456",5,"CSF3/STAT4/SOCS3/IL10/IFNB1"
"hsa05165","Human Diseases","Infectious disease: viral","hsa05165","Human papillomavirus infection","7/67","333/9422",0.021021021021021,2.95612029940388,3.07555595189455,0.00912583885867783,0.0365033554347113,0.0258451075446264,"8638/9636/3690/4600/57801/7422/3456",7,"OASL/ISG15/ITGB3/MX2/HES4/VEGFA/IFNB1"
